"","effect_sizes","N_t","N_pers","pre_slope","step","slope","step2","bias_pre_slope","bias_step","bias_slope","bias_step2","Precision_pre_slope","Precision_step","Precision_slope","Precision_step2"
"1",0.01,6,100,1,0.064,0.018,0.038,0.0125887379913671,-0.135712824370657,-0.0373236295140139,0.0426438856317727,0.046595468077026,0.110793309620565,0.0790490211800474,0.171891923661806
"2",0.01,6,300,1,0.058,0.013,0.041,0.00991894433854638,0.0113296904859325,0.0462663805929088,-0.127946448269915,0.0267461690583061,0.0618267998145896,0.0451234318869881,0.104350221014382
"3",0.01,6,500,1,0.055,0.027,0.041,-0.0378706961598945,0.146475652587204,0.0173500004995546,0.126605830596736,0.0205828941168863,0.0480461762929447,0.0362180046215249,0.0804270285677636
"4",0.01,6,700,1,0.059,0.02,0.041,-0.00938036587797178,0.0354363032716381,-0.0316244559984739,0.0747099269072197,0.0176760390253715,0.040968652611278,0.0296090520599856,0.0679837730013895
"5",0.01,6,900,1,0.066,0.018,0.04,-0.0177681136214379,0.0360864114492502,0.0143554299090326,0.0362096415362103,0.01459353085455,0.0362365314904865,0.026251530130666,0.0619702561372925
"6",0.01,6,1100,1,0.048,0.023,0.038,0.00154591528153474,0.00691087517437018,0.0261324077716947,-0.0699431524047039,0.0138927471880104,0.0313067905656616,0.0241489142124629,0.0538932352477318
"7",0.01,6,1300,1,0.057,0.016,0.034,-0.0222421830666436,0.0553302354347116,-0.000819043825792191,0.0803379004406025,0.0127824496335694,0.0294472669609758,0.0221040646324423,0.0487911350825957
"8",0.01,6,1500,1,0.058,0.025,0.047,0.0171285531177641,-0.0720781787843716,0.00736421403243914,-0.103790181438484,0.0117748549357676,0.0269955390539638,0.0204165421259663,0.0458679585991106
"9",0.01,8,100,1,0.053,0.028,0.051,0.0110516849645775,-0.0679474599456872,0.0594435632621865,-0.321267199040814,0.0286740257849992,0.0995715927648256,0.0612215362071028,0.196089562694475
"10",0.01,8,300,1,0.052,0.042,0.042,-0.0191413833690243,0.0834851060932976,-0.0366951013083416,0.173407252649361,0.0164430142247765,0.0567764075827798,0.0367291152918976,0.118162102376664
"11",0.01,8,500,1,0.052,0.045,0.055,-0.000575741302639122,0.0161478903236728,-0.0457863167988217,0.102583447169697,0.012514969829003,0.0426342816367787,0.0285073572713509,0.0905798675579979
"12",0.01,8,700,1,0.041,0.039,0.061,-0.0181537193380694,0.0432820160720591,0.00812333034811723,0.0893570791761325,0.0110143055810998,0.036953238916385,0.0238642324796812,0.0781521752151623
"13",0.01,8,900,1,0.06,0.029,0.048,0.0142706660718339,-0.111729322903856,0.0408417470331539,-0.221136441621506,0.0096621184657002,0.0331002586135253,0.0204345940786154,0.0656231644014646
"14",0.01,8,1100,1,0.043,0.049,0.055,0.00854478200083543,0.045714454885686,-0.0317104567506465,0.0482548265219313,0.00839400411437375,0.0282004489700906,0.0187886173748523,0.0603052890684072
"15",0.01,8,1300,1,0.036,0.037,0.05,0.00542019552193353,0.00328215642791475,0.00443272340620974,-0.0373124899808801,0.00763646165087843,0.0258841557066338,0.0168376458765194,0.0545791462500982
"16",0.01,8,1500,1,0.062,0.039,0.046,0.00922029452198121,-0.00450266133221463,-0.0232505256882534,0.0286184511841443,0.00745869103698908,0.0257371639279646,0.0159825840446609,0.0508053739420027
"17",0.01,10,100,1,0.04,0.029,0.041,0.0170156910825249,-0.0711050807556355,0.033308743901608,-0.27475749062748,0.0208371041549433,0.0806451969994488,0.0392445545678057,0.145913297193279
"18",0.01,10,300,1,0.047,0.026,0.039,-0.0163105963616184,0.0564786401145496,-0.00177499026524471,0.118048754610652,0.0117488417862958,0.0462984098512196,0.0219114917536548,0.0829712592529972
"19",0.01,10,500,1,0.051,0.026,0.045,0.00568054720316898,-0.0400940321457696,0.0129693727802559,-0.103297167112492,0.00921742503042965,0.0359677896230039,0.0170102198808958,0.0656712498393317
"20",0.01,10,700,1,0.048,0.023,0.035,0.0183169753767759,-0.0578315422855579,-0.0202801113032214,-0.0535379702137093,0.00773928870194732,0.0307102760952374,0.0141978581784266,0.0540938838765039
"21",0.01,10,900,1,0.052,0.03,0.038,-0.0112542380961229,0.0456253040134877,-0.0102194830433581,0.103816911122813,0.00690313396213291,0.0270937535211757,0.0124328344746541,0.048113772839261
"22",0.01,10,1100,1,0.053,0.029,0.036,-0.0159663916982415,0.0235025790276436,0.0357941133310664,-0.0433550343055934,0.00612278494206479,0.0240632970700403,0.0111580644066912,0.0430691504484883
"23",0.01,10,1300,1,0.055,0.027,0.042,0.00504573808035773,-0.0169436550372162,-0.00769645171688613,-0.00403840830425558,0.00580680395972339,0.0227483852620476,0.0101090516846126,0.0398455885821872
"24",0.01,10,1500,1,0.049,0.038,0.034,0.0133288263274223,0.00545887140022348,-0.0145454851570845,-0.00269383835919907,0.00517521678813281,0.0210614422530639,0.0094917000292939,0.0364003365835213
"25",0.01,12,100,1,0.046,0.033,0.051,-0.0281735310778823,-0.0337877606560395,0.0286560979555517,0.0441717995549911,0.0153959463564938,0.0769674378077795,0.0325775889469245,0.150719496472679
"26",0.01,12,300,1,0.046,0.038,0.042,0.00329649498200059,-8.72925730820482e-05,0.00785763717474862,-0.0694089549583401,0.00904056430154208,0.0455094870868398,0.0186581172944816,0.0857013231385492
"27",0.01,12,500,1,0.045,0.039,0.042,0.00216354595190432,-0.000623276310924163,-0.015693606184645,0.0802628379618131,0.00673031591895943,0.0340737970963159,0.0141281026016728,0.06682132220911
"28",0.01,12,700,1,0.046,0.048,0.043,-0.00686995077089813,0.00867249282628077,-0.00885058319724903,0.075761565203636,0.00569154251719246,0.0297737161761389,0.0120626568331708,0.058505477305874
"29",0.01,12,900,1,0.034,0.052,0.039,0.00580938708760175,0.0013314419615434,-0.0222506188256485,0.0588640326007726,0.0050619553667646,0.0252153038710284,0.0106621456913651,0.0488160951291172
"30",0.01,12,1100,1,0.052,0.044,0.045,-0.00760636555224024,0.0278099628366151,0.0173241169237021,-0.00354145008307123,0.00475747386178298,0.0236349773672861,0.00972536494326876,0.0463227429927171
"31",0.01,12,1300,1,0.054,0.037,0.04,-0.00872872176958057,-0.0111789995644028,0.0249565950779,-0.0684278013638764,0.00434684299548209,0.021838986951908,0.00881751623683339,0.0416647431531165
"32",0.01,12,1500,1,0.048,0.055,0.045,0.00132783517733968,0.0094693863330753,0.00236516522682364,-0.0255524166334543,0.00403061467857428,0.0196855052519535,0.00843156990642609,0.0390689668624612
"33",0.01,14,100,1,0.061,0.025,0.047,0.00586531216893555,-0.0498288865360679,-0.00153606209025049,-0.0932006156404899,0.0122347556461724,0.0723246153821808,0.0230959729372807,0.128358007739628
"34",0.01,14,300,1,0.043,0.028,0.033,-0.00518457630660503,0.0692406775014937,-0.0139722117286387,0.10272806338507,0.00718622577296238,0.0397845569907749,0.0131538410424795,0.0692614913790596
"35",0.01,14,500,1,0.065,0.038,0.051,-0.00147855488795348,-0.00416991441565284,0.0165627374044011,-0.0733882577257875,0.00551428474763091,0.0323171517998852,0.0107815782247885,0.0590483891846463
"36",0.01,14,700,1,0.049,0.043,0.034,-0.00414857663679277,-0.00227796958941676,-0.0068419738750737,0.0355759722465361,0.00448163903622154,0.0256473193532275,0.0087499325330248,0.0473262794676182
"37",0.01,14,900,1,0.041,0.047,0.038,-0.00395630523035788,-0.00818104963893782,0.0187444033058586,-0.084027759571829,0.0040900582147808,0.0224750300103645,0.00792900965968006,0.0402740034893541
"38",0.01,14,1100,1,0.048,0.052,0.045,0.00457068142951064,-0.0354952625867734,0.00566334550919307,-0.0804704157441721,0.00380344039913604,0.0206513170590326,0.00711604780175223,0.0374636293267828
"39",0.01,14,1300,1,0.054,0.061,0.041,0.000372094666231185,-0.018157886866482,-0.00983546986998495,0.0404476354796945,0.0034480195028459,0.0194310751332427,0.00643701215241051,0.0347978129656258
"40",0.01,14,1500,1,0.038,0.069,0.032,-0.00470668691806612,0.0250466467479292,0.00378241995066973,0.0277839795736286,0.00320541359820448,0.0174731051756483,0.00623351272284155,0.0312301064088514
"41",0.01,16,100,1,0.043,0.04,0.039,-0.00218017019330073,-0.0513171591969233,0.0224292627518111,-0.146777451343853,0.00992598954689595,0.0635561802085036,0.0202972668733243,0.122856789999514
"42",0.01,16,300,1,0.039,0.05,0.044,-0.00818520221695132,0.0545367011807608,0.0125951813688757,0.0252551868779441,0.0057162133495767,0.0375750496772406,0.0123500330552177,0.0760685048887998
"43",0.01,16,500,1,0.048,0.048,0.043,0.00250490549352797,-0.0461307702215988,0.0105113629366503,-0.124665305024219,0.00469552551113369,0.0306746512629743,0.00929414571775039,0.0577133681214681
"44",0.01,16,700,1,0.046,0.053,0.048,-0.00159059905814197,0.0274879324352191,-0.00122784170814255,0.0187169854096657,0.00375603605363826,0.0251656126296283,0.00759098664500236,0.0478005189984348
"45",0.01,16,900,1,0.054,0.076,0.05,0.00424746811779325,-0.0276841091635642,-0.00478140222485647,-0.0210802075006741,0.00334314851313891,0.0228391347322775,0.00699952667136679,0.0448832094911421
"46",0.01,16,1100,1,0.054,0.084,0.05,-0.00159763344388906,0.0168693752544875,-0.00103742652713848,0.0166288040972701,0.00302702469212397,0.0207140917710021,0.00627180912980881,0.0400384225440613
"47",0.01,16,1300,1,0.05,0.079,0.035,0.00141406689445846,-0.0182227921098307,0.0023718280015818,-0.0266876065343964,0.0027849791151108,0.018497062060587,0.00564121848946219,0.0343209050521394
"48",0.01,16,1500,1,0.056,0.084,0.061,-0.000392901273221717,-0.0216610916472803,0.00932426282152238,-0.0508858524834716,0.00255526543035035,0.0174488457330366,0.00548739046116259,0.0346987672166412
"49",0.01,18,100,1,0.041,0.037,0.031,5.12897599300572e-05,0.00585600274576032,-0.0299000718044467,0.162505701828313,0.00827250043990487,0.0605166290751527,0.0164167620246933,0.111527724689167
"50",0.01,18,300,1,0.055,0.055,0.033,0.00314999132865494,0.0131847811118324,-0.0104337683546879,0.0884624306433206,0.00488788423159533,0.0357501223865012,0.00981803086280255,0.0640205526962865
"51",0.01,18,500,1,0.049,0.049,0.043,-0.00148073708802795,-0.00329041554061674,0.00269462495706831,-0.00212887023647334,0.00377463719831627,0.027464057165747,0.00731191180998858,0.0507018819199462
"52",0.01,18,700,1,0.051,0.062,0.044,-0.00166464785690113,0.0110918607090332,0.00245809905294976,0.012471650289123,0.00315365833207356,0.0231126221604571,0.00612103348283363,0.0428227786082835
"53",0.01,18,900,1,0.045,0.074,0.032,-0.00319168261292899,0.012210194643954,0.00449471849287426,-0.00338389434922857,0.00272826101877316,0.0200342339546776,0.00562341252692443,0.0372080641274993
"54",0.01,18,1100,1,0.057,0.085,0.044,0.00166163948817351,-0.0620155718805236,0.00634563998000649,-0.0741898871707431,0.00257150334965993,0.0182218928539999,0.00486769405817453,0.0336643525686093
"55",0.01,18,1300,1,0.039,0.098,0.042,-0.00350314925034508,0.00813158879472704,-0.000253979290220759,0.0474034347588368,0.00234926763670631,0.0166288319564065,0.00465154042134756,0.030655967514942
"56",0.01,18,1500,1,0.051,0.115,0.032,0.00473386209990623,-0.0147650604627915,-0.000466489643879035,-0.0382444666318009,0.00202258052816849,0.0155760476431987,0.0041805931849594,0.0275306182797662
"57",0.01,20,100,1,0.052,0.041,0.043,0.00694132172366192,-0.108217387238029,0.00269812252304302,-0.116587428424814,0.00702706503949297,0.059702603977107,0.0146890125531102,0.116916361598055
"58",0.01,20,300,1,0.043,0.056,0.045,-0.0069340250976031,-0.00624069316062961,0.0115111250928047,-0.0509349720821169,0.00379946604407798,0.0343040095531411,0.00860565639923743,0.0659349870187417
"59",0.01,20,500,1,0.046,0.064,0.042,-0.000709569331926453,-0.00333784131675691,0.00367091122521052,0.0284321050003818,0.00324075613110389,0.0270329605723461,0.00654406456291134,0.0503686925266843
"60",0.01,20,700,1,0.062,0.096,0.052,0.00506165754484748,-0.00998137273884554,-0.00639473095569965,-0.00238672381588791,0.00274031084669012,0.0238327125720527,0.00572096849914986,0.0459555002220972
"61",0.01,20,900,1,0.041,0.112,0.042,-0.000481925817195986,0.0265360557323383,-0.00358473695223843,0.047659500693177,0.00237089511222646,0.0198225140870208,0.0048948443915477,0.038956328750878
"62",0.01,20,1100,1,0.05,0.102,0.041,-0.00485150082622347,0.0148243304446762,0.00677792959407146,0.00521666674394234,0.00209994075774003,0.0180944223126961,0.00432630238264041,0.0350170218872355
"63",0.01,20,1300,1,0.05,0.152,0.04,-8.29926375763179e-05,0.000814665912861925,-0.00318363231491105,0.00901651625138071,0.00192684126265218,0.0158300929986268,0.0041665437742753,0.0311986762163565
"64",0.01,20,1500,1,0.045,0.188,0.046,0.00468345905385865,0.00520155003914755,-0.00988783432176495,0.0374700829108419,0.00183514881140273,0.0153039016590119,0.00389246111116069,0.0292017708067403
"65",0.025,6,100,1,0.044,0.021,0.033,-0.0124658709547987,0.205985650217708,-0.0939260939017982,0.315451576479143,0.0465316095772527,0.104379179838014,0.0794600132229482,0.17493355959592
"66",0.025,6,300,1,0.05,0.02,0.038,0.000709318326498572,0.00985437452004075,0.00991726315487838,-0.0406577019131397,0.0257744727199779,0.061295801838909,0.0450308526076318,0.103505857652241
"67",0.025,6,500,1,0.06,0.027,0.047,-0.000425398297188247,0.0454201205644244,0.0170185537407484,-0.0618636020772606,0.0210531848431568,0.0452551470020623,0.0365002064125046,0.0786089669814811
"68",0.025,6,700,1,0.055,0.026,0.039,-0.00918822210498165,0.0359871342476218,-0.0406239998307611,0.147764079931474,0.0167266369792394,0.0389939685391663,0.0299668247613967,0.0677164499535108
"69",0.025,6,900,1,0.083,0.028,0.059,0.0104008024669665,-0.0341528160504091,-0.00276739247773896,-0.0438514911464826,0.0147286839414675,0.0364692928457223,0.025742554587314,0.060967683328079
"70",0.025,6,1100,1,0.069,0.03,0.039,0.0399796543207044,-0.0800621476374335,-0.0300030853676945,-0.093420767604293,0.0135571747124153,0.0318579002122704,0.0244847330847938,0.053239562260157
"71",0.025,6,1300,1,0.066,0.04,0.045,-0.0173218057581937,0.0335750886803321,0.0189119751261423,0.029686896784355,0.0126306877230354,0.0287958942498648,0.0220002743606472,0.0497382130804377
"72",0.025,6,1500,1,0.073,0.034,0.045,0.0289721487833655,-0.0346067491638196,-0.013866731042245,-0.0783572070746256,0.011364874856134,0.0267346725994133,0.019932167584049,0.0457447840043406
"73",0.025,8,100,1,0.048,0.047,0.046,0.00451918043699135,0.0840768319605856,-0.123681539216196,0.37976202204423,0.0281809287443397,0.0961847587428847,0.063720628445726,0.199416141621014
"74",0.025,8,300,1,0.05,0.047,0.057,0.0159740672060372,-0.0189413236050777,-0.0332380862015914,0.000849178793454893,0.0165079741437705,0.0559370796107751,0.0358736442189394,0.115836916995159
"75",0.025,8,500,1,0.063,0.053,0.068,-0.0284095014680315,0.0330873236484113,0.0689835380266356,-0.0709780919361898,0.0132975144516979,0.043788749884877,0.0284666197284629,0.0900576600747956
"76",0.025,8,700,1,0.052,0.052,0.049,-0.0178914644275764,0.0667311887524279,-0.034263873281059,0.230757133459377,0.0106535805252649,0.0367158529221788,0.0237851492968486,0.0732917099354828
"77",0.025,8,900,1,0.054,0.052,0.035,-0.0175673556672264,-0.015367698737647,0.0184114982522211,0.0225871411879338,0.00965814033682203,0.0314053455921556,0.0205384338668804,0.0632547895138906
"78",0.025,8,1100,1,0.076,0.065,0.052,0.00382381203110397,0.0165219981904848,-0.0200241807626128,0.0540557996602918,0.00909708969163932,0.0303423147786281,0.0187765867255975,0.059756581920045
"79",0.025,8,1300,1,0.074,0.065,0.056,0.00483050905956306,0.00645158539338182,-0.0137855462731931,0.0515821452054541,0.00818554868272641,0.0281511516196986,0.0171168536908651,0.0546394862800677
"80",0.025,8,1500,1,0.07,0.075,0.059,0.0119990962844132,0.0259445160085654,-0.0138218621894315,-0.00403427941775617,0.0075825506281411,0.0253819873411876,0.0163738909663919,0.0517948098516124
"81",0.025,10,100,1,0.046,0.024,0.035,-0.0370707913080239,0.133885165093656,0.0447171705186286,0.137151843748909,0.0211875182641158,0.0799252586013122,0.0385922147043207,0.143023610997766
"82",0.025,10,300,1,0.049,0.036,0.033,-0.00294101680076173,-0.0267603162289425,-0.0108405696465128,0.0916622983622474,0.011477240452694,0.0455505457353724,0.0216809138669537,0.0784776744490563
"83",0.025,10,500,1,0.059,0.042,0.045,-0.00247322507306991,-0.0435977955247397,0.0479145697444944,-0.180580224129115,0.00934811858289434,0.0355847481355034,0.0167562298892786,0.0651491853885004
"84",0.025,10,700,1,0.052,0.054,0.038,-0.0119867301041212,0.0165274977919897,0.022952072296954,0.0210748124794943,0.00732196396789321,0.0303811079887278,0.0139481959111231,0.0534351164604611
"85",0.025,10,900,1,0.061,0.077,0.046,-0.00434119696645782,0.0316094712172961,-0.013858224540687,0.0884894892326537,0.00647913481819204,0.0274417650452139,0.0125246486949516,0.048355859561128
"86",0.025,10,1100,1,0.076,0.083,0.049,0.010539215041991,-0.036752028703141,0.0028702042996499,-0.0914321782396297,0.00627681220333696,0.0245695012490974,0.0114691591247076,0.0422541310675984
"87",0.025,10,1300,1,0.076,0.096,0.047,-0.00301062727796272,0.00159817245707692,0.00666889683222886,-0.0072509325378016,0.00555071937682264,0.0221945487714486,0.010959034549642,0.0401008533805091
"88",0.025,10,1500,1,0.064,0.107,0.056,-0.00922320851885987,0.0142468184921087,0.00548639883826423,0.0423489814569645,0.00530074440805611,0.0205393354227609,0.00962498843405899,0.0367410212597219
"89",0.025,12,100,1,0.051,0.038,0.037,0.0150336094259146,-0.0279789013715668,0.0228113992999843,-0.1807408355924,0.0153318773976375,0.0777493489183337,0.0309008619455062,0.149730364623496
"90",0.025,12,300,1,0.046,0.054,0.045,0.00915957530496362,0.0238425847171661,-0.000123896539328399,-0.0185982973895336,0.00856941988338653,0.043012238367791,0.018386585812994,0.0847216639525162
"91",0.025,12,500,1,0.059,0.092,0.052,-0.00208804085914756,0.0141929135546807,-0.00138070957548676,0.0614895658907511,0.00719665736636253,0.0348570136122703,0.0151802074310131,0.0684031852954426
"92",0.025,12,700,1,0.061,0.096,0.045,-0.00512090815209464,-0.00750384865135344,0.0106917809465851,0.00511449802419431,0.00571812291379383,0.0287988357551263,0.0121221007192233,0.0557379715115054
"93",0.025,12,900,1,0.078,0.116,0.058,-0.0005796087835935,-0.00434799459553815,0.00728591321644633,-0.0342350927141333,0.00537045808024465,0.0263861466676202,0.0105189008342796,0.0497004074959349
"94",0.025,12,1100,1,0.056,0.163,0.047,0.00749387130653124,0.032905169636065,-0.0299486791397406,0.0784026814016866,0.00464280208748725,0.0226252757350368,0.00971255290506673,0.0452294235606914
"95",0.025,12,1300,1,0.056,0.176,0.056,-0.00183996511600056,0.0439478903714498,-0.0109498812548821,0.0934557335150437,0.00425572597794267,0.021404601589095,0.00864678783554483,0.0412219605498996
"96",0.025,12,1500,1,0.085,0.198,0.052,-0.00398995465898809,0.0301825217348695,-0.00862089318413503,0.0669149080973478,0.0039956367461654,0.0205074947412026,0.00806800498498033,0.0379514519651046
"97",0.025,14,100,1,0.051,0.05,0.036,0.0223553800078308,-0.070104687264834,-0.05368935956494,0.0323772954257138,0.0123372343063845,0.0696160618654436,0.0241779979618528,0.125556102205825
"98",0.025,14,300,1,0.057,0.09,0.053,0.0116272912454689,-0.0150219684697364,-0.016562931008792,-0.00234873456997234,0.00695606689710414,0.040517984227083,0.0140405507832789,0.0763555378367763
"99",0.025,14,500,1,0.049,0.114,0.042,0.000797712370386561,0.0192387941327725,-0.0129650652659277,0.0713203674894217,0.00539198670526658,0.0306846463413511,0.0104946229918771,0.0560341638754684
"100",0.025,14,700,1,0.065,0.152,0.046,0.00420427221379707,-0.0416709460701273,-0.0108516196972671,0.00168345583537367,0.00468911074121906,0.0258973978036503,0.00876269439149857,0.0460696041836687
"101",0.025,14,900,1,0.091,0.195,0.056,0.00703151121586236,-0.0453018334155511,-0.0129229665107974,-0.0071585136907856,0.00402170451041322,0.0237190412030195,0.00763878304817443,0.0421583352672051
"102",0.025,14,1100,1,0.058,0.231,0.042,0.00256051271202435,-0.0149974330280024,-0.000992113734403141,-0.0141126838305803,0.0033792554407531,0.019454132490315,0.00682690646732531,0.0355334749064746
"103",0.025,14,1300,1,0.087,0.286,0.066,0.00824000920376452,-0.0119084073807751,-0.0121206126430502,-0.00730433341468703,0.00347526870514518,0.0196602058820205,0.00665210326130335,0.035663846900022
"104",0.025,14,1500,1,0.086,0.328,0.057,-0.000638010431664366,-0.010198974382398,0.00243610511257622,-0.0156189978790885,0.00316452375594706,0.0176845983482074,0.00612772986535163,0.0319593647076613
"105",0.025,16,100,1,0.036,0.049,0.034,-0.0116988997787942,0.151232146663075,-0.00643662152098503,0.190668667983428,0.00978548576590567,0.0653331080342995,0.0198939366520187,0.123358194855062
"106",0.025,16,300,1,0.048,0.115,0.047,-0.000137935512208138,0.0124711269218309,-0.00660820303442933,0.0615842545240875,0.00581630668058044,0.0372906561852919,0.0120320353571195,0.071690599292968
"107",0.025,16,500,1,0.057,0.162,0.04,-0.00768479445902008,0.0496650167457112,-0.00303750246506289,0.0891544395934391,0.0044939139887229,0.0296813939600697,0.00894396581140158,0.0552603206992904
"108",0.025,16,700,1,0.062,0.21,0.061,-0.0038836406749199,0.0197202510179243,0.00855071517113603,-0.0307736325223921,0.00379717994583664,0.0250783460120287,0.0078453400693146,0.0502595513097963
"109",0.025,16,900,1,0.072,0.264,0.055,0.00504693788515554,-0.035933805660708,0.00683914092549597,-0.0942105093450052,0.00326546618458532,0.0222618069805056,0.00667640603015593,0.0414175117711745
"110",0.025,16,1100,1,0.083,0.338,0.065,0.000206704672148387,-0.0133882947613815,-4.37308797534739e-05,-0.00807893157158738,0.00298015811268105,0.0205202231751338,0.00606134419473611,0.0393611868382362
"111",0.025,16,1300,1,0.091,0.397,0.067,0.00104778120747858,0.00562863850083271,0.00178795586919133,-0.0364794051747176,0.00273862373813181,0.0184438625323231,0.00590733623963376,0.0360819642197484
"112",0.025,16,1500,1,0.1,0.466,0.062,0.00566285497060515,-0.0610591637102005,-0.0047931612531719,-0.0405893761064084,0.0026125516667536,0.0172536876322287,0.00549939380371094,0.0324690160213806
"113",0.025,18,100,1,0.058,0.069,0.047,0.009486860389632,-0.0678008669501309,0.0289217923357428,-0.329267273001245,0.00831344994881332,0.0641493422789104,0.0164370152697596,0.115156315873818
"114",0.025,18,300,1,0.051,0.127,0.037,-0.0146305060239535,0.082766010751369,0.022457417972187,0.0286552096111809,0.00464335869567386,0.0359799413613508,0.00939416260135582,0.0646321340725937
"115",0.025,18,500,1,0.065,0.227,0.05,-0.00128218948420993,-0.0226588417897693,0.00591588175753689,-0.0435949305125706,0.00380201703634941,0.0271735471732682,0.00747122215385012,0.0495665899366915
"116",0.025,18,700,1,0.06,0.331,0.047,0.00431982954486897,-0.0114399956768441,-0.00858219961961053,0.00878691931251901,0.00318278571658851,0.0226561511692857,0.00623235594417232,0.0419058698338001
"117",0.025,18,900,1,0.089,0.402,0.065,0.00281095986424699,-0.0395595547139681,-0.0024493799961395,-0.0301992845766671,0.00275683901041059,0.0210182301987732,0.00551048091488166,0.0385067297462902
"118",0.025,18,1100,1,0.084,0.507,0.062,0.00500386376571821,-0.00667749103240071,-0.0110374683393834,0.0251006545076113,0.00253026463268348,0.0185238938637129,0.00516939824488336,0.0346564666497014
"119",0.025,18,1300,1,0.105,0.539,0.082,0.00046391455437865,-0.0168826097485896,0.00504814746818731,-0.037540734861525,0.00237659699792582,0.0172298377845401,0.00450803369595344,0.0318039369976178
"120",0.025,18,1500,1,0.088,0.602,0.067,-0.00215797404199021,-0.00515415723329416,0.00713038503359599,-0.0331496356060543,0.00213389932305342,0.0157593774693014,0.00439865816954005,0.0293455847313406
"121",0.025,20,100,1,0.056,0.077,0.056,-0.0072411773701051,-0.0526052624337953,0.0342297015543508,-0.239437289301716,0.00712540326509364,0.060204896440164,0.0144256840473131,0.115427222250142
"122",0.025,20,300,1,0.068,0.187,0.056,0.00700641386435778,-0.0745245151939883,0.00256386543602068,-0.130909655752395,0.00402524227823216,0.0359934036370948,0.00848500722879259,0.0687187365024386
"123",0.025,20,500,1,0.067,0.3,0.051,-0.00457099141314785,-0.0323448602414579,0.0096586914554026,-0.0364717740194565,0.00325066686762183,0.0271408538634466,0.00659782968662574,0.0503018333427079
"124",0.025,20,700,1,0.079,0.395,0.053,-0.00245671686822978,0.0382274331337343,0.000116879631076236,0.0487531357813171,0.00273397443371871,0.0233051037349824,0.00538071092127407,0.0438423721569281
"125",0.025,20,900,1,0.067,0.521,0.056,0.00170609888704296,-0.00192898945001221,-0.00651316614814218,0.0271159756588478,0.00233051517018572,0.0194849542135161,0.00477588593685213,0.0365081473458101
"126",0.025,20,1100,1,0.076,0.61,0.068,0.00269365936092698,-0.0148445874984035,-0.00521362249788802,0.00933418946623871,0.00213090876802368,0.0182981506275553,0.00472373591043031,0.0352459861459543
"127",0.025,20,1300,1,0.086,0.658,0.079,-0.00135665359352104,0.00469615930595875,0.00778850828914903,-0.0532480050085987,0.00194299523283299,0.0168556248737975,0.00403919971286318,0.0324798386487481
"128",0.025,20,1500,1,0.102,0.747,0.086,0.00305743122575079,-0.0160315172624391,0.00011708244606592,-0.0599703651439807,0.0018637573710528,0.0156558552423798,0.00382222338673656,0.0301693281430659
"129",0.05,6,100,1,0.055,0.024,0.041,-0.0776953379243557,0.0400387772775026,0.111529702007701,-0.012114319901785,0.0454004817218924,0.102768962163213,0.0804099930783993,0.180798000473361
"130",0.05,6,300,1,0.069,0.032,0.043,-0.00588293101926119,-0.0767542618154668,-0.00164436471185759,0.0124604200398019,0.0266629184595974,0.0599228740340539,0.0460674988430269,0.101118885762209
"131",0.05,6,500,1,0.069,0.038,0.051,-0.00449648671023965,-0.0148139984969431,0.00603871649722222,-0.018114346145976,0.0201745879461113,0.0458467620712465,0.0346099001364263,0.0778678943743381
"132",0.05,6,700,1,0.088,0.055,0.064,-0.0155798818737033,0.000953461280227711,0.021528727882343,0.00397733817065988,0.0172721288568322,0.0411461941258934,0.0297583966604761,0.0692306716564402
"133",0.05,6,900,1,0.122,0.069,0.065,0.0146053940151505,-0.0920085229108266,-0.0393305801793759,0.0308272971079818,0.0158750761564454,0.037041933330274,0.0269366213797235,0.060654331157984
"134",0.05,6,1100,1,0.113,0.079,0.069,-0.00954328964774092,-0.0209663935947714,-0.00697017553378978,0.0651166099532261,0.0135986612521325,0.0317475201806068,0.0238515005144296,0.0535524723458993
"135",0.05,6,1300,1,0.117,0.079,0.082,-0.00655290256826947,0.0532321305191913,0.0178238161081972,0.0115681248502668,0.0126886604733835,0.0291242588119396,0.0220159073708799,0.0505546865140946
"136",0.05,6,1500,1,0.136,0.1,0.091,-0.00891705466734215,0.0129375431141502,-0.0139870526767782,0.0532579734151294,0.0119745743134273,0.02809459894374,0.0203813858712611,0.0464735721705434
"137",0.05,8,100,1,0.062,0.043,0.055,-0.0437628596891061,0.0748129288971885,-0.0293897525615058,0.312839034859789,0.0295550305981656,0.101175420304901,0.0610876105958026,0.200568018506988
"138",0.05,8,300,1,0.066,0.057,0.061,-0.0272406679490962,0.15342822774119,-0.0124101083835166,0.22417271958039,0.0165869620653493,0.0580037623679872,0.0356662568834133,0.114399122411078
"139",0.05,8,500,1,0.082,0.08,0.064,-0.0129706114515938,0.0359670917084713,0.0410311435555493,-0.0810121505354393,0.0130141495369455,0.043372677921318,0.0277522365628892,0.0868462123379639
"140",0.05,8,700,1,0.083,0.114,0.07,0.00487796173483254,-0.00784522685961479,0.0169362786493916,-0.0710160108162293,0.0109982096063054,0.0368397047884709,0.0245896937180978,0.0752732425275667
"141",0.05,8,900,1,0.097,0.14,0.087,-0.015094000585989,0.0136491945537063,0.00782484061244011,0.0401399193874124,0.00979389425599227,0.0332334861449345,0.0211407108440086,0.068495663516054
"142",0.05,8,1100,1,0.12,0.157,0.086,0.00503003505557436,-0.0584444806639998,0.0409034915290007,-0.16806448911696,0.00874161030622321,0.0300496735934571,0.0190174935403447,0.0592715183149646
"143",0.05,8,1300,1,0.112,0.194,0.09,0.00131520501287653,0.022027834851179,-0.00380384717619349,0.00238584823719602,0.00763322279407875,0.0268628514296877,0.0171637826857365,0.0551225763023296
"144",0.05,8,1500,1,0.117,0.217,0.08,-0.0152075445550547,0.0503629816766067,-0.00666429937771522,0.111127699098345,0.00723395421695652,0.0243536256701192,0.0164219057475988,0.0513898726927479
"145",0.05,10,100,1,0.053,0.048,0.044,-0.0302969289463006,0.246867993814205,-0.0705664042860288,0.488483794190048,0.0202957301344675,0.0817319241090599,0.0383715283343811,0.145542473862065
"146",0.05,10,300,1,0.077,0.104,0.051,0.0056196331923135,-0.0456467840276423,-0.00526187622820293,-0.0146485569849246,0.0115703303062117,0.0474860583833526,0.0216362453112211,0.0840733182477783
"147",0.05,10,500,1,0.071,0.151,0.066,0.00159008301032222,0.0016906245774092,-0.0132730657923694,0.00017879449350736,0.00863154846815845,0.0343991806476242,0.0170667705727154,0.0632851709832646
"148",0.05,10,700,1,0.107,0.208,0.065,-0.00071905800344077,-0.0233276794064461,0.0140502382739733,-0.0690765512733607,0.0078219187163941,0.0303968110981622,0.0146098105778866,0.0544674107196912
"149",0.05,10,900,1,0.121,0.298,0.081,0.00912637251665474,-0.0410390616173618,-0.0178425333567148,-0.00523016426200424,0.00673139594013576,0.0270477473865774,0.0123195786156889,0.0463574937464115
"150",0.05,10,1100,1,0.13,0.33,0.082,-0.00323865551810745,-0.0070100342974394,0.0123853379987827,-0.0320335351896753,0.00624821431291975,0.02419894842086,0.0113952004680151,0.0428702754457562
"151",0.05,10,1300,1,0.148,0.377,0.088,-0.00164237230485664,0.0108884470231726,0.0116292653536003,-0.019511961481151,0.00558441721430444,0.0219066782785944,0.0103560868883261,0.0396686104027353
"152",0.05,10,1500,1,0.163,0.451,0.094,-0.00249895918054745,0.0124644259545018,-0.000400451154449631,0.0170107311016603,0.00543340458176825,0.0208416581672204,0.00943471383932294,0.0355115584486296
"153",0.05,12,100,1,0.05,0.075,0.042,-0.00412440879599466,0.0278034627003716,-0.00359295512419505,0.113256093766046,0.0153977246310762,0.075364082767717,0.033266095708389,0.150374679281686
"154",0.05,12,300,1,0.08,0.166,0.068,0.00360157121855827,0.0259414847967279,-0.0161751586176008,0.0983636235682967,0.00898312051583093,0.0466625144947206,0.0183966175115982,0.0913637809120829
"155",0.05,12,500,1,0.091,0.25,0.075,-0.0053674137289557,0.0056971238226519,0.020394318624884,-0.010750276514367,0.00674268299202876,0.0344589246346155,0.014344445819217,0.0668387452509029
"156",0.05,12,700,1,0.105,0.377,0.068,0.000542042084228179,0.0228969543442159,-0.018359061153182,0.0659934430101625,0.00581567050242691,0.0293416918378886,0.0121092298888222,0.056409387906675
"157",0.05,12,900,1,0.136,0.475,0.109,0.00464979831735006,-0.0350106844347353,-0.0118480551478093,-0.0252135441734791,0.00509448439532587,0.0263205589308435,0.0108637232929778,0.0524773058857471
"158",0.05,12,1100,1,0.138,0.514,0.091,0.00253859292144276,-0.020007877249357,0.0099371513256597,-0.0518675080981262,0.00454706585245988,0.0225305767847775,0.00965999913444517,0.0448567653426013
"159",0.05,12,1300,1,0.164,0.597,0.132,0.00265522853806933,-0.0202819138023079,0.00425437433461043,-0.063211870485033,0.00440742807153443,0.0215187943088268,0.0092613569389925,0.0434123276122537
"160",0.05,12,1500,1,0.195,0.671,0.132,0.00682730846957157,-0.033232238854431,0.000461006884900005,-0.0741485354222345,0.00395309634015563,0.0200958182384672,0.00814157722530344,0.0389174936866645
"161",0.05,14,100,1,0.05,0.086,0.043,0.0129183221074127,-0.0704826808320028,0.0257103830152684,-0.221191194540064,0.0123420491475373,0.0689400421007777,0.0230283718724215,0.124742181426947
"162",0.05,14,300,1,0.08,0.269,0.05,0.012693848744192,-0.0678970968643737,-0.0201823300022362,-0.0206066068454255,0.00689036316605576,0.0398840499162095,0.0133922947084388,0.0708474866981604
"163",0.05,14,500,1,0.104,0.412,0.073,0.00137100387162259,0.0135021527605296,-0.00542750083411972,0.0075150275475673,0.00549888915934294,0.0310794582282543,0.0106950649194442,0.0565066872508486
"164",0.05,14,700,1,0.11,0.533,0.078,-0.0113095984689283,0.0035019396824592,0.0234495486921097,-0.0521449861851344,0.00452439035939817,0.0255185987111826,0.00844412827316015,0.0454042710412597
"165",0.05,14,900,1,0.134,0.683,0.089,-0.00386135296673364,-0.00162526088399645,0.00331708558397705,0.0313186421873021,0.0040566869277056,0.0225184449154597,0.00796874749635376,0.0408718601005578
"166",0.05,14,1100,1,0.142,0.778,0.116,-0.00111266898781818,0.017473026319635,2.17601752728385e-05,-0.00230372810880063,0.00349215917467514,0.0200634767146281,0.00707488727382984,0.0374042674202877
"167",0.05,14,1300,1,0.177,0.856,0.117,0.00675553249810616,-0.000790248197348496,-0.0109822018258235,-0.00194767342360357,0.00333573827652482,0.0186020093073554,0.00651693675923082,0.0350737864097425
"168",0.05,14,1500,1,0.21,0.886,0.163,-0.00221941624301157,-0.00843832418686264,0.0078799968186581,-0.036609199420352,0.00317474863419967,0.0185085840682587,0.00617334387462494,0.0343799096143693
"169",0.05,16,100,1,0.046,0.122,0.045,-0.00839555033271239,0.112488422026412,0.0231978881193724,-0.059904585000865,0.0100240906394516,0.0674668246259047,0.020276778943438,0.124480100988759
"170",0.05,16,300,1,0.077,0.346,0.049,-0.0050769919210861,0.0471128014969013,0.00573883921365882,-0.00580322455244645,0.00587255193776556,0.0386090570999159,0.011406108872283,0.0703961039854354
"171",0.05,16,500,1,0.108,0.566,0.076,-0.000128082808467305,-0.0178801487149967,0.00948376245245597,-0.0598011728085181,0.00458029858485393,0.0302928531071841,0.0092155627607027,0.0579287609147817
"172",0.05,16,700,1,0.121,0.735,0.081,0.00413286804711048,-0.00894324722466209,-0.0211654417074209,0.102682823945096,0.00380899889441897,0.02521994192437,0.00785846569458867,0.0492217152817053
"173",0.05,16,900,1,0.149,0.863,0.095,0.00240850819207974,0.0276670701455608,-0.0231124837272989,0.115510472082384,0.0032860126857817,0.0225741959431453,0.00660281381480483,0.0432021205132217
"174",0.05,16,1100,1,0.176,0.892,0.122,0.000286532267344786,-0.021695448719683,0.000511228520344375,-0.0171361401383355,0.00300996588501592,0.019663939224442,0.00634259275111786,0.0375350570533577
"175",0.05,16,1300,1,0.179,0.947,0.117,-0.00446022650776508,0.0526610590261611,-0.00720439029176782,0.0962474429139524,0.00280173367635362,0.018676837945687,0.00577584081886157,0.0354039059636886
"176",0.05,16,1500,1,0.24,0.966,0.161,0.0066649992261251,-0.037688854314116,-0.00717205351308309,-0.00508374082747414,0.00260765618961328,0.0175532102506291,0.00541179934065675,0.0341722096520632
"177",0.05,18,100,1,0.059,0.183,0.036,0.0106398705291118,-0.0926414957034026,0.0021420735195019,-0.143832799758999,0.0082396850257706,0.0605670579223265,0.0163991435439699,0.109406250823523
"178",0.05,18,300,1,0.08,0.503,0.069,0.00434035905047571,-0.0829969684442383,0.00715665684251025,-0.118863013477877,0.00486551714181752,0.0346002595945765,0.00959827714767302,0.0631143617008515
"179",0.05,18,500,1,0.096,0.747,0.073,-0.00943416929067437,0.0226876623223541,0.0235680986244613,-0.0505757715985973,0.00366504968682774,0.026818843820299,0.00722785502765887,0.0489318169748391
"180",0.05,18,700,1,0.138,0.9,0.102,-0.000885871445492374,-0.000664844620685389,-0.00276042410505694,0.0179990768095598,0.00305574284881614,0.0228727254997032,0.00616376453403288,0.043689974442426
"181",0.05,18,900,1,0.165,0.953,0.104,0.000600757052776881,0.00133472504279986,0.00487827186064495,-0.0164103017539329,0.0027396047773829,0.0202107114645914,0.00544632090726324,0.0360971468041725
"182",0.05,18,1100,1,0.204,0.984,0.118,0.00684922945837188,-0.0134486624646009,-0.00853622736672225,-0.0123678332500159,0.00243558371176286,0.0182935946210217,0.00491541680049177,0.0328140236244448
"183",0.05,18,1300,1,0.229,0.987,0.144,0.00124984329551654,-0.0125572402165655,-0.00259165175567593,0.00188905426907867,0.00230738009148475,0.0168978747160511,0.00467386906230765,0.0319423743884129
"184",0.05,18,1500,1,0.235,0.999,0.15,-0.00402126422967629,0.0305394379665896,0.0079387585017873,0.023936549313906,0.0021554594332941,0.0156036242883092,0.00428653747029156,0.0285235315212088
"185",0.05,20,100,1,0.06,0.237,0.055,-0.0056582806374178,0.00536832709924904,0.0211185687141691,-0.116339980263324,0.00725571021688389,0.0598830957736269,0.0153689225904122,0.117845504835101
"186",0.05,20,300,1,0.094,0.669,0.067,0.00815734527847862,-0.0598194491589719,-0.00845212941136061,-0.0428885119963241,0.00408049978694639,0.0346625406276383,0.008184022171358,0.064471603220239
"187",0.05,20,500,1,0.098,0.869,0.082,-0.00190936800381547,0.0150042668808187,0.00581836865659534,-0.0154530245167268,0.00319195666511611,0.0258934278744363,0.00661973709829224,0.0495811493057643
"188",0.05,20,700,1,0.163,0.95,0.096,0.00391532957752495,-0.024328437486376,-0.00252143044489305,-0.0137369341757574,0.00266588712188162,0.0233404513677304,0.0056156747324351,0.0439980712032519
"189",0.05,20,900,1,0.174,0.985,0.122,-0.00332047510508804,0.00589828450458837,0.00130206598623321,0.0353560914357579,0.00240702914966528,0.0202633500200457,0.00491631884276469,0.0381251158402572
"190",0.05,20,1100,1,0.197,0.993,0.134,-0.00171574796340495,0.0167856652277996,0.00248304733570992,0.00102703864545141,0.00212305926561303,0.0177180031371957,0.0045280567751542,0.0339539047033431
"191",0.05,20,1300,1,0.248,0.999,0.145,0.000584775146953913,-0.0276182044722055,-0.00103319822949215,-0.00517064568100408,0.00203009975908426,0.0167490085235183,0.00416153448186418,0.0328363079885162
"192",0.05,20,1500,1,0.281,0.999,0.156,-0.00298665793803027,-0.00294320875279597,0.000317316873358425,0.0330641919226991,0.00192097684468102,0.0156694817359309,0.00388958256619496,0.0294711433644102
"193",0.1,6,100,1,0.064,0.03,0.043,-0.015999588692588,-0.0247976418374375,-0.0765997649839321,0.190746237221484,0.0449718436950958,0.103467837405275,0.0774251444392455,0.178320955258229
"194",0.1,6,300,1,0.116,0.081,0.08,0.0347516085984487,-0.0493673520266903,-0.0246770880245471,-0.0329490164411038,0.0248666099291659,0.0590641488452384,0.0452988762983503,0.101833820850462
"195",0.1,6,500,1,0.16,0.137,0.095,-0.0159477436319255,-0.0351058848917432,-0.0404497380430943,0.148888148436103,0.0202215727328296,0.0474162876549288,0.0350524690447636,0.0789426981343954
"196",0.1,6,700,1,0.203,0.166,0.14,-0.00157154984992571,-0.0244262700700116,0.0649345734829641,-0.153965758102031,0.0174456657796304,0.0391865465419954,0.0302740500812843,0.0666861818254387
"197",0.1,6,900,1,0.268,0.224,0.167,0.0189049404859601,-0.0656024389081539,0.0150254867160985,-0.134433676115847,0.0153468886863054,0.0358114859087313,0.026437771904832,0.0589447521018913
"198",0.1,6,1100,1,0.257,0.278,0.185,-0.0240260325744925,0.0815911174034301,0.0164500490336355,0.058294986769738,0.0138848830344215,0.0328919453328057,0.0239351579410205,0.0550162913143629
"199",0.1,6,1300,1,0.312,0.334,0.188,-0.0203439128306481,0.0428471615570485,-0.00354522549934493,0.0852580032094165,0.0122544114770378,0.0302523228111429,0.0215435296871082,0.0471773560556597
"200",0.1,6,1500,1,0.373,0.4,0.251,0.0290941811414464,-0.0557126248973918,-0.0286952381313158,-0.0298233383740332,0.0116662615623776,0.0269806014059124,0.0209995248431659,0.0470205736456103
"201",0.1,8,100,1,0.078,0.075,0.07,-0.0130553058242459,-0.0350559027254954,0.0451423525662799,-0.0938157355120093,0.0287416520726705,0.0996358597694272,0.0622107707333149,0.206619545817981
"202",0.1,8,300,1,0.125,0.171,0.078,0.0183389278834581,-0.0885192015195019,-0.0198149833279479,-0.0556505947788819,0.0164003706649487,0.0547378878905236,0.0360773246945469,0.113421314627599
"203",0.1,8,500,1,0.168,0.279,0.118,0.0152149386754769,-0.0664998543180254,-0.00224742467406044,-0.086119546654641,0.0129694469337138,0.044770076872671,0.0285053521805927,0.0913385575691437
"204",0.1,8,700,1,0.196,0.383,0.129,0.0143217086010703,0.0257486468061517,-0.0180651772310066,-0.0311565128673581,0.01064345230284,0.0362316405422453,0.0233374809331373,0.0747810077764958
"205",0.1,8,900,1,0.252,0.484,0.168,0.000787799961147785,0.0048456582828982,-0.0120089279610943,0.0116322941584947,0.00964696914130432,0.0333027794280202,0.0210683025887705,0.0680158238937687
"206",0.1,8,1100,1,0.31,0.549,0.184,-0.000851694541034229,-0.00781264644461646,0.00310150601736123,-0.00542511908028224,0.00882998141621572,0.0302791679126695,0.0193549277696275,0.06175948331579
"207",0.1,8,1300,1,0.333,0.631,0.208,0.0030536067955474,0.000815967730114401,0.0032574434603471,-0.0139195813033107,0.00813743348733124,0.0269393472400934,0.0176739814601925,0.0552035396105587
"208",0.1,8,1500,1,0.394,0.702,0.225,-0.000886435955503279,-0.000460857933196687,0.00487129978080286,-0.0204734371866579,0.00727446203471184,0.0260094879716099,0.0162491464793865,0.0513465394411463
"209",0.1,10,100,1,0.078,0.128,0.048,-0.00390230921642197,0.0856506289782634,-0.075633578455044,0.377201856654598,0.0204128343041431,0.0825235583506235,0.0373632466234153,0.146428900000719
"210",0.1,10,300,1,0.142,0.367,0.101,0.0158272593411689,0.0179331594493057,-0.0324844745351715,0.0101449254823835,0.0119638098065427,0.046665194381316,0.022425769881419,0.084164794528666
"211",0.1,10,500,1,0.183,0.564,0.135,-0.010552361213785,0.043588065218781,0.0292754949000129,-0.0317052371637584,0.00891682117886208,0.0350500679754145,0.0171586291274725,0.0630191539035031
"212",0.1,10,700,1,0.264,0.753,0.161,-0.00354708567748686,0.0291318953569337,0.00304274694185933,0.05351540695402,0.00768836990985631,0.0309325139391062,0.0142904735068974,0.0552501537221234
"213",0.1,10,900,1,0.35,0.867,0.229,0.0149243912103537,-0.0438717020392846,-0.00222872328713219,-0.0882930736652342,0.00663824947998698,0.0263471913960223,0.0124100198625571,0.0475032514012709
"214",0.1,10,1100,1,0.414,0.932,0.276,-0.00422600039956454,0.0221755785274001,0.0153931855854567,-0.0146791355397094,0.00635299429851279,0.0246439581948253,0.0113873229000072,0.0446053926051043
"215",0.1,10,1300,1,0.436,0.957,0.282,-0.0171702306691498,0.0679524855612626,0.0101609443499464,0.0711223331357869,0.00572894207605391,0.0226118735893576,0.0107335359283006,0.0377213177911074
"216",0.1,10,1500,1,0.525,0.979,0.361,0.00657957590054909,-0.0309731419286645,7.70160351730067e-05,-0.0498645025167306,0.00509089007372937,0.0204233769613773,0.00972592889124699,0.0370292078571198
"217",0.1,12,100,1,0.063,0.213,0.073,-0.00666232547007885,0.192619562078769,-0.0292581275909669,0.203602431024311,0.0153487088588927,0.0769106779514404,0.032377945565643,0.154871461505699
"218",0.1,12,300,1,0.137,0.578,0.088,0.00636787925040924,0.0264849263458107,-0.0239538906359423,0.054474265101445,0.00838793323448932,0.0433019169499964,0.0177384688507929,0.0844062909727063
"219",0.1,12,500,1,0.216,0.816,0.147,0.0117730049975309,-0.01796152127107,-0.0209373091774946,-0.0112554707271978,0.00686504762254112,0.0342790857638003,0.0142096055235256,0.0664033663956514
"220",0.1,12,700,1,0.26,0.928,0.182,0.000146741228013793,0.0460510447933218,-0.00930922123749161,0.0449415336290919,0.00568605021455146,0.0284966275368978,0.01180782219095,0.0566979808282065
"221",0.1,12,900,1,0.369,0.973,0.215,0.00834508286456621,0.00689197716822536,-0.0248633173702168,0.0686063465133762,0.00517326275650225,0.0261208412931926,0.0104319479750544,0.050085958164671
"222",0.1,12,1100,1,0.46,0.988,0.285,0.00461575480968225,-0.0626957272325793,0.0159390593578722,-0.125560138403242,0.00453821948400474,0.023093281408366,0.00979575671843465,0.0463933874159536
"223",0.1,12,1300,1,0.44,0.994,0.279,-0.00494456543995719,0.094487664644207,-0.00298664728426003,0.0804463759649366,0.00445544753380592,0.0209559262189772,0.00889540022275945,0.0405588025330378
"224",0.1,12,1500,1,0.55,0.999,0.358,0.0069535064382514,-0.0172615703782205,0.00459765907327566,-0.0744156499765243,0.00387163649057413,0.0195743416771091,0.00812290320760926,0.0377849447778284
"225",0.1,14,100,1,0.091,0.341,0.063,0.00954274485693841,-0.0862920424928268,-0.0183443226951171,0.094828933939977,0.0120635857430018,0.0682247793539358,0.0232572149283208,0.126045186392639
"226",0.1,14,300,1,0.176,0.812,0.112,-0.010727584778909,0.0345378725499531,0.00854759063973229,0.064954411039406,0.0068914475379443,0.0393971769997652,0.0137243586028432,0.0704807683476785
"227",0.1,14,500,1,0.288,0.966,0.186,-0.0013170989065536,-0.0631892610337382,0.0159273425013988,-0.0855606456408756,0.00530349153688885,0.0305317955189381,0.0102516128116589,0.0568205233349487
"228",0.1,14,700,1,0.328,0.997,0.205,-0.0123735801693746,0.076544155787365,0.00115332649011905,0.114735300607505,0.00456434986055302,0.0262474504409363,0.00870479645630363,0.045842900829331
"229",0.1,14,900,1,0.406,0.999,0.29,-0.00929631150305052,0.0571374497451884,0.0122873179473907,0.00430402199851974,0.00401212671335792,0.0231728506034084,0.00786825331561115,0.0417698339835011
"230",0.1,14,1100,1,0.487,1,0.367,-0.00254893755932027,0.0205013149450964,0.0161017578337351,-0.0566114954854393,0.00362463797812788,0.0208861380316464,0.00717763029298541,0.038147122301718
"231",0.1,14,1300,1,0.568,1,0.371,-0.00612503570749201,0.0446721266227242,-0.00422904586041995,0.0879872692997431,0.00341224940598258,0.0191861993422045,0.00641927681174358,0.0341728153252475
"232",0.1,14,1500,1,0.626,1,0.415,-0.00569085530961255,0.0490956144437525,-0.00487619302626231,0.104887082902312,0.00316004977265985,0.01769672428679,0.00619318032689887,0.0312038144814778
"233",0.1,16,100,1,0.092,0.463,0.072,-0.00386264466494985,0.0376530320247977,0.00806978610483958,-0.0407643466061822,0.0100954372902943,0.0676688679268671,0.0205800082096935,0.127652518683747
"234",0.1,16,300,1,0.171,0.931,0.107,0.00577528112507416,-0.00747718822008479,-0.00407046610134552,0.0114548660773635,0.00566173181140302,0.0381539692041419,0.0115391013240779,0.0735468057255118
"235",0.1,16,500,1,0.27,0.993,0.181,0.00779679924184402,-0.0308898374126558,-0.00226719737691683,-0.048981838623981,0.0045486025042191,0.0295005232144256,0.00926549781357314,0.0575833211078093
"236",0.1,16,700,1,0.364,1,0.232,0.00102273947411491,0.0356313978661201,-0.00723702179893686,0.0359153756906736,0.00369612015298319,0.0248733936163979,0.00768460543784703,0.0491872197693638
"237",0.1,16,900,1,0.466,1,0.301,0.00511934957181062,-0.00560251288834875,-0.0051988810171559,-0.0191482594832633,0.00333993466424436,0.0224905592562506,0.00690297102538118,0.0438188855703514
"238",0.1,16,1100,1,0.541,1,0.335,-0.000595986678904175,-0.0197003630943394,0.00566729000561253,-0.0346745187539129,0.0030493450168249,0.0206769289853974,0.0062077080297684,0.0392669327758825
"239",0.1,16,1300,1,0.608,1,0.393,-0.00114227727357927,0.00524190202669039,-0.00271182760637856,0.0143379838629277,0.00275691916052491,0.0184899188055752,0.00592819987563412,0.0363231316125696
"240",0.1,16,1500,1,0.678,1,0.446,0.00193290376458217,0.010395417573489,-0.00833424491734549,0.0417955860931604,0.00263446868205196,0.0169776202432109,0.00544178558668021,0.0328307388349841
"241",0.1,18,100,1,0.079,0.653,0.06,0.00228229566192156,-0.023859977228088,0.002339108433916,-0.0476378685677563,0.00802230062108739,0.0584341940129372,0.0162979731493793,0.11037520862059
"242",0.1,18,300,1,0.215,0.988,0.143,0.00110342400594526,-0.0442238596017268,0.0114275188655469,-0.0643458351594555,0.00484857197050949,0.0359931759467592,0.00942044214994077,0.0653375349489733
"243",0.1,18,500,1,0.325,1,0.225,0.00451361574081055,-0.00272259031228563,0.00500897099400936,-0.0858418555364462,0.00379464373549605,0.0272846180198713,0.00749910368644228,0.0514392733662316
"244",0.1,18,700,1,0.417,1,0.274,-0.00714600311051775,0.0560950660647822,0.00414971127467302,0.0624274271637216,0.00313676409457733,0.0230708300696766,0.00606600936462893,0.0426075339269921
"245",0.1,18,900,1,0.504,1,0.364,-0.00305110893483931,0.0242133986401484,0.00401379928555333,0.0129407187392147,0.00269093916900884,0.0200056099370185,0.00545461321231024,0.0379987461408107
"246",0.1,18,1100,1,0.632,1,0.434,0.00567251881862055,-0.036764566312312,-0.00152030043525376,-0.0448347696548096,0.00249803056321248,0.0185870987815121,0.00498517730621561,0.0335081573950425
"247",0.1,18,1300,1,0.701,1,0.5,0.0013957695490395,-0.0167859462851519,0.00123024491900827,-0.0231395202036382,0.00238764533015038,0.0170164236067766,0.00444095347792766,0.0308505916768377
"248",0.1,18,1500,1,0.761,1,0.541,-0.00518633540122794,0.00717209550830138,0.00213275716223931,0.0309797630474108,0.00218522443327791,0.0159785266131972,0.00420653870669993,0.0290654198046053
"249",0.1,20,100,1,0.101,0.784,0.074,0.00727508360392466,0.019699856322389,-0.0197939692775522,0.0764262723786086,0.00705430743429939,0.0590757208180477,0.0146326189592322,0.111785523887777
"250",0.1,20,300,1,0.208,1,0.144,0.00136737616480661,0.000154428760342301,-0.00233578417334099,-0.0531058848565729,0.00409675676163444,0.03388727983334,0.00856023962977725,0.0636422509761666
"251",0.1,20,500,1,0.304,1,0.203,-0.00184348914556487,0.0795023836065696,-0.00166599729931468,0.0941134539333388,0.00325736440439473,0.0267498423186189,0.00652291626662493,0.0508756225747109
"252",0.1,20,700,1,0.447,1,0.285,0.000367485266030833,-0.00546977887239428,0.00338418381981218,-0.0279698861201183,0.00265655946841454,0.0220936370108088,0.00551412755735541,0.0418629663763109
"253",0.1,20,900,1,0.55,1,0.376,0.00667579388492397,-0.0349915868766463,-0.00234058910034647,-0.0612551512076015,0.0023513914280465,0.0198236947236084,0.00496359334830477,0.0387442359021997
"254",0.1,20,1100,1,0.645,1,0.42,-0.00510540060834358,0.0349490398832748,0.00247138683845093,0.0261615662602735,0.00215439658705894,0.0176579598346922,0.00450353232595743,0.0337512979730483
"255",0.1,20,1300,1,0.702,1,0.474,-0.00117602049719514,0.0254985577766414,-0.00528964345172404,0.0513129418693496,0.00191300448666733,0.0167198168124215,0.00394165822767507,0.0312222951319244
"256",0.1,20,1500,1,0.762,1,0.55,0.00340964850064569,-0.0235811521116482,-0.00248865724326459,-0.0201389689445545,0.00184303029144812,0.0158496797811835,0.00370221424880222,0.0294993863620848
"257",0.15,6,100,1,0.114,0.069,0.063,0.022930360152831,-0.0768389165613791,-0.122395410119989,0.174907759902488,0.0488599195203213,0.109749233221348,0.0801584019220271,0.180972909810186
"258",0.15,6,300,1,0.185,0.176,0.116,-0.0324727583223692,0.0841944664171433,-0.073941969043777,0.302977078260163,0.0260596687354869,0.061415539999539,0.0449451421792944,0.104897827121092
"259",0.15,6,500,1,0.258,0.287,0.174,-0.0204885386410035,0.0740252642719219,0.0603448667717289,-0.0452691396636021,0.020372754253343,0.04637986837233,0.0365278098487511,0.0783827042326209
"260",0.15,6,700,1,0.374,0.405,0.274,0.0302958416402786,-0.0307157422103446,0.00720107361190166,-0.122838582143374,0.0169494429372698,0.0390941066697511,0.0304859254779738,0.0683586087168745
"261",0.15,6,900,1,0.475,0.511,0.328,0.0149797513438033,-0.0653371023523424,-0.00919391699126408,-0.0437176661162176,0.0157827441805695,0.0376514318069091,0.0265474115407766,0.059236825765538
"262",0.15,6,1100,1,0.54,0.632,0.367,0.0217298582494404,-0.0342457861684642,-0.0473373278533372,0.0199667617093636,0.013656591841063,0.0317237075193821,0.0239919022286176,0.0549189955968607
"263",0.15,6,1300,1,0.593,0.702,0.446,0.0204654986917858,-0.000796741534824057,-0.0106099758317643,-0.0441485821922887,0.0130713037380843,0.0287985767208443,0.0223706035188566,0.0483045352381518
"264",0.15,6,1500,1,0.637,0.783,0.465,-0.0223414413187032,0.0785618422562966,-0.00990206510749035,0.136791104445664,0.0121300769915805,0.0275226341310522,0.0205213940033983,0.0461658691249551
"265",0.15,8,100,1,0.091,0.129,0.071,-0.0356329934268535,0.101352695215198,0.0284345063133369,0.0224420668448244,0.0290560684796319,0.0969507383765178,0.0639647038730295,0.19845739879456
"266",0.15,8,300,1,0.204,0.349,0.125,-0.000389142576594232,0.00706707299115672,-0.00782923421355696,0.0198026155094102,0.0156029860466471,0.0551067225374791,0.0362156679051758,0.113793718087779
"267",0.15,8,500,1,0.302,0.587,0.174,0.00345027103921044,-0.0196570859125523,-0.0343837355790096,0.071432921053108,0.0127941528512664,0.0439017704698242,0.0274773235231468,0.0884015454729897
"268",0.15,8,700,1,0.408,0.729,0.238,-0.00371126024763598,-0.00823192628753027,-0.0256826541365526,0.0676096613897848,0.0110341338313895,0.037495938227619,0.0238029577649806,0.074082487833426
"269",0.15,8,900,1,0.53,0.806,0.336,0.00443421683523834,-0.0908531811282108,0.0650163924718434,-0.242094877752204,0.00971926921761385,0.0325021853464305,0.0213495030310811,0.0673364748575605
"270",0.15,8,1100,1,0.595,0.897,0.365,0.00948583312255026,-0.0518287983623337,0.0261035260193522,-0.12956647186811,0.00889559092031536,0.0295653090248135,0.0182033714139568,0.0568399818526696
"271",0.15,8,1300,1,0.655,0.953,0.416,-0.000432160865459261,-0.00762773026857351,0.0206077931301101,-0.0748989774379837,0.00768645274805609,0.0273015161378984,0.0170173922223866,0.0548860042202179
"272",0.15,8,1500,1,0.694,0.968,0.467,-0.00817717541560078,0.0119401805111577,0.0208241758667216,-0.0183934160510331,0.00757308028165008,0.0253182396563678,0.0160960003345774,0.0516532905876611
"273",0.15,10,100,1,0.106,0.296,0.077,0.0549149955861214,0.0507762016404346,-0.109195440530058,0.122517796299698,0.0200629832994602,0.0806120159410511,0.0383197462859351,0.14991832516358
"274",0.15,10,300,1,0.26,0.735,0.17,-0.00297308167684388,0.0310554832556569,-0.0233269098974386,0.07452431645691,0.0120543986219475,0.045700844399912,0.0231964365447244,0.0836906619319659
"275",0.15,10,500,1,0.426,0.928,0.267,0.0012285844191812,-0.0501736365874758,0.0125801458112387,-0.0996209360318733,0.0093581286017185,0.035222022528241,0.0167863795373342,0.0625206910548416
"276",0.15,10,700,1,0.545,0.982,0.359,-0.0027475047035606,0.0143677764713258,-0.0205028134213809,0.107499964748868,0.00802975039957664,0.0310217761663071,0.0145530608272107,0.0534591728165328
"277",0.15,10,900,1,0.695,0.997,0.502,0.0160814517079856,-0.10593656223671,0.0103019617544887,-0.159258311845667,0.00686628285895695,0.0265131559626645,0.0127395959958422,0.0472558486114247
"278",0.15,10,1100,1,0.733,1,0.54,-0.00409659383578093,0.00420783390797944,-0.00662712713654726,0.044093116179392,0.00593973289493313,0.02391115497756,0.0114039654485333,0.0427910976365614
"279",0.15,10,1300,1,0.795,1,0.643,-0.00605884381302344,-0.00547321599395205,0.0165828080987635,-0.0511920947608399,0.0058925415430546,0.0233303870287861,0.0105427338893524,0.0406450397642436
"280",0.15,10,1500,1,0.858,1,0.669,-0.0124028183318752,0.0283667303552932,-0.000658616651678167,0.0809986399700017,0.00511891762909753,0.0202657763299607,0.0092470666824874,0.0355535439021774
"281",0.15,12,100,1,0.124,0.446,0.083,0.0200538433920826,-0.0307501927230208,-0.0160297832268151,-0.0386865972428612,0.0154197897121424,0.0760306090202267,0.0312866040817464,0.148344359764125
"282",0.15,12,300,1,0.294,0.917,0.194,0.0055826047016562,-0.0963522999853241,-0.00561710097483917,-0.0623844141091694,0.00870258171362768,0.0451765522835054,0.018310944449761,0.0885752527260035
"283",0.15,12,500,1,0.422,0.989,0.269,-0.00844563119897688,0.0465319058440603,-0.00107349160810529,0.0743664391708819,0.00677207813912741,0.0341288025257202,0.0139389380080708,0.0679152310412605
"284",0.15,12,700,1,0.575,0.997,0.375,0.008336353087479,-0.0258932034978181,-0.0202245630663229,0.0118970744701079,0.00609193918871855,0.0310659373515845,0.0118014774996016,0.0572775542437447
"285",0.15,12,900,1,0.675,1,0.468,-0.00494965134364446,0.0334768773429729,0.0147391083754965,-0.0274272174345417,0.00519989451918288,0.0254368197794989,0.0107909891218487,0.0496606893832761
"286",0.15,12,1100,1,0.752,1,0.514,-0.00239903589133724,0.00292290624844373,-0.0100517299085336,0.0623410122741169,0.00479715558391969,0.0237532961272078,0.0098144127510289,0.0466427920056824
"287",0.15,12,1300,1,0.84,1,0.605,-0.00584941209982551,0.0205277432300843,-0.00703883939915562,0.068415444515845,0.00425093556884177,0.0213913503496584,0.00896230882682204,0.041214012063667
"288",0.15,12,1500,1,0.879,1,0.68,-0.000345804621041543,-0.00357709445761898,0.00248651614136148,-0.0160536414083628,0.00397243374328668,0.0201126419224497,0.0082520436873393,0.0391329863237418
"289",0.15,14,100,1,0.127,0.698,0.097,-0.0135169911218613,0.156601804424245,-0.00892503141138111,0.165843495245894,0.0119739892303246,0.0672633548487287,0.0232186223195835,0.122544288584613
"290",0.15,14,300,1,0.337,0.994,0.234,0.00205274378189347,0.0391973327988303,0.00110508763861371,0.00193253650860322,0.00735174946346657,0.0391024985268333,0.0141817047650722,0.073095589356711
"291",0.15,14,500,1,0.527,0.999,0.344,0.00115792228643688,-0.0161364721135568,2.10378707135006e-05,-0.0027079981518639,0.00548859551922317,0.0313474283582554,0.0106752714088675,0.0572693032151509
"292",0.15,14,700,1,0.673,1,0.452,-0.00187777111604614,0.0126104602955313,-0.0110204136481897,0.103185352857648,0.00458349443568004,0.0259837685829632,0.00853201149280231,0.0458896972016275
"293",0.15,14,900,1,0.785,1,0.588,0.00212968414812819,-0.021248007147286,0.00254267801548644,-0.0359788961130805,0.00418903238958867,0.0232678486495989,0.00761687173011876,0.0418258358927909
"294",0.15,14,1100,1,0.853,1,0.664,0.0017512391649681,0.0260527686852458,-0.0152520858183358,0.0607243565727558,0.0036598638105552,0.0207578133368981,0.00705239349236567,0.0379213276697438
"295",0.15,14,1300,1,0.897,1,0.729,-0.00334399090784247,0.0310097302033983,-0.0100395823236818,0.106033499039113,0.00328608135016069,0.0184551271890722,0.00666950259739117,0.0342276084612529
"296",0.15,14,1500,1,0.941,1,0.815,-0.00790924367423834,-0.00986336390983184,0.0151111268858594,-0.00917813896742323,0.00320432864882638,0.0181142049457305,0.00610253418793004,0.0322575633818458
"297",0.15,16,100,1,0.148,0.842,0.094,0.00530319818187726,-0.0662517338005668,-0.0391388878955425,0.180098129399124,0.00976675909711182,0.0659628633368187,0.0204449265645432,0.126082715720861
"298",0.15,16,300,1,0.363,0.998,0.235,-0.000921092359639083,0.017761339050599,0.0103980073924051,-0.0312042186871349,0.0056775832165828,0.0375768207895026,0.0124524880803382,0.0725471172778298
"299",0.15,16,500,1,0.535,1,0.35,-0.000413523491235775,0.0211982252169474,-0.0138508269784164,0.0909346275539507,0.00448600591290803,0.0297370374425952,0.00910878005063019,0.056864822169561
"300",0.15,16,700,1,0.705,1,0.453,0.00873882168229555,-0.0273074727569513,-0.0150820211965782,0.0220568021213265,0.00374176614028797,0.0252156957047449,0.00773398520631832,0.0485181568714218
"301",0.15,16,900,1,0.803,1,0.601,-0.00733916111237781,0.00546613845869445,0.0189337328755579,-0.0570746648237908,0.00327341915019703,0.0215953731574965,0.00690765015786907,0.0415170824808118
"302",0.15,16,1100,1,0.875,1,0.658,0.00493976427357691,-0.00742461627627914,-0.0128725035452854,0.0277001344425099,0.00304831432265386,0.0202968149362656,0.00603327706083298,0.0383593743537941
"303",0.15,16,1300,1,0.931,1,0.761,0.00235492810808092,-0.0279622858622248,0.00903605680797761,-0.0784514303861876,0.00283457025990165,0.018838286121614,0.00549269827557524,0.0362368787105551
"304",0.15,16,1500,1,0.947,1,0.8,-0.00166061113357976,0.0179752826991838,-5.0744974914168e-05,0.0260886610579664,0.00260078696190258,0.0175075597082433,0.00542944079649657,0.0333255920565445
"305",0.15,18,100,1,0.18,0.94,0.114,0.00958701936457702,-0.0816150632357092,-0.0167633632245577,0.060913246034604,0.00853762691344838,0.0601231973182829,0.0172918135321263,0.112579506343688
"306",0.15,18,300,1,0.398,1,0.284,-0.0111886069094238,0.0548184993036615,0.0143489889001556,-0.0208444815261229,0.00484638105322385,0.0347358905301857,0.00947571524478166,0.0647301808963155
"307",0.15,18,500,1,0.61,1,0.431,-0.00181125903705609,0.00711273089877556,0.0135231452674272,-0.0686412798452453,0.00376073256158484,0.0277479206505542,0.00720209777198843,0.0509503025217808
"308",0.15,18,700,1,0.775,1,0.543,-0.00473927494814073,0.0128071041553344,0.00534465978674044,0.0116911942610663,0.0030917580888962,0.0226175695227634,0.00593938984247291,0.0407572144170746
"309",0.15,18,900,1,0.861,1,0.685,8.67490734625669e-05,0.0211818295574614,-0.00745304060428793,0.0501445590794963,0.00276966294826018,0.0204784024099452,0.00554919437522324,0.0371780500696695
"310",0.15,18,1100,1,0.911,1,0.757,-0.00326182019755235,0.0230924079095229,-0.00167792400390137,0.058908148879976,0.00252777268894114,0.0187014555018561,0.0048104747448755,0.0339491630040515
"311",0.15,18,1300,1,0.966,1,0.847,0.004616591537847,-0.0465398282864699,0.00232994891937613,-0.0707159917518823,0.00235211789954101,0.0166883438335072,0.00465966541281185,0.0321703285342939
"312",0.15,18,1500,1,0.976,1,0.887,-0.00552099219821738,0.0231116970211264,0.00417658149520475,0.021497453799211,0.00221316894074196,0.0161138573440932,0.00441457706381804,0.0294039506485769
"313",0.15,20,100,1,0.165,0.984,0.111,0.00113575469857172,-0.0840955703190425,0.0136250283894115,-0.10675022367756,0.00676259559789926,0.0579600794045333,0.0148057331837203,0.111226694670734
"314",0.15,20,300,1,0.438,1,0.286,0.0032236791640542,0.0005900560008657,-0.00924223659960249,0.0551927255449662,0.0042457564582561,0.0345027711121169,0.00852283739617104,0.0649343972687987
"315",0.15,20,500,1,0.634,1,0.449,0.00104895365160946,0.00336080984262344,-0.00174193495028353,0.0135225734277064,0.00311058344842025,0.0263580441864073,0.00640176508625369,0.0511073583815187
"316",0.15,20,700,1,0.791,1,0.574,0.000336460263658697,0.0201711212517749,0.00360859512728634,-0.0301142839059949,0.00272629750494257,0.0222969392251398,0.0056186258146973,0.0428975466839217
"317",0.15,20,900,1,0.899,1,0.69,0.000486951670923855,-0.0217632558121276,-0.00233748318304858,-0.000299816813438661,0.00232719588022943,0.0186351282704068,0.00499964589707515,0.0372470628131878
"318",0.15,20,1100,1,0.94,1,0.789,-9.5943552069297e-05,-0.0245828419076594,0.00831912032764943,-0.0610030640606776,0.00219904259744546,0.0181995367535464,0.00453227897994023,0.0345746125275902
"319",0.15,20,1300,1,0.97,1,0.838,-0.000596591590685495,0.0109604641181366,-0.00360554530552567,0.0209261381981861,0.00195776402522109,0.0162534552973516,0.00403284023704044,0.0317300008796904
"320",0.15,20,1500,1,0.983,1,0.895,0.000936703670444036,-0.00354289109451183,-0.000914737538367064,-0.0240378897827488,0.00190046939570896,0.0154039897277923,0.0037936612579916,0.0290331474357655
"321",0.3,6,100,1,0.263,0.205,0.169,0.045319038597514,-0.187043644969011,0.0845466917950378,-0.508875022081612,0.0456601954525599,0.106230569540349,0.0761910310415991,0.170960954234193
"322",0.3,6,300,1,0.586,0.682,0.401,0.0404359289133949,-0.12582729224467,-0.0804783040405049,0.0453310577562068,0.026357418136204,0.0636682813732577,0.0457084931570997,0.106153697958223
"323",0.3,6,500,1,0.773,0.891,0.636,0.00698867545841559,0.0787447817734533,0.00307896136470177,-0.0283174264189389,0.0198542514609155,0.0463128192789926,0.0360038399641526,0.0788665368777691
"324",0.3,6,700,1,0.902,0.977,0.788,0.0148725978522363,-0.0478090628436988,-0.0171171971604802,-0.0351323038249009,0.0167026243924278,0.0396560976501863,0.0298208344279,0.0658271003312067
"325",0.3,6,900,1,0.955,0.994,0.872,-0.0322734197010428,0.057673133392512,0.0658130007481774,-0.0172582492773509,0.0148626445395834,0.0347680049011051,0.0259791778997696,0.0594191724480102
"326",0.3,6,1100,1,0.982,0.999,0.929,0.0139621027879579,0.0461931111687454,-0.00248603120325406,-0.033910145720699,0.0131056607864811,0.0315383069192232,0.0233576475328819,0.053418713372397
"327",0.3,6,1300,1,0.996,1,0.97,-0.00272489140895356,-0.0232922137779611,0.0133848764751605,-0.0222698584717629,0.0124074051295843,0.0293137635251751,0.0206301694283685,0.0488170855556296
"328",0.3,6,1500,1,0.997,1,0.978,0.00799028103974018,0.0145891858392865,-0.00157872986277587,-0.024089844021303,0.0115736653596174,0.028161272161986,0.0210954948149244,0.0481064633793233
"329",0.3,8,100,1,0.237,0.484,0.156,-0.0278881139507389,0.241098058112359,-0.0558020843661622,0.323111516204701,0.0287921574757935,0.0973770010449625,0.0630356009182556,0.204888646968355
"330",0.3,8,300,1,0.583,0.91,0.355,-0.00476687196188166,0.107976845835759,-0.0243700617305415,0.116867496012879,0.0165750659222804,0.0579277447281037,0.03624990403723,0.11630004599466
"331",0.3,8,500,1,0.818,0.993,0.557,-0.024771065398003,0.0488985339700099,0.0204550353655044,0.0652656173736009,0.0133952860142634,0.0443007474674846,0.0282139588266416,0.0914107901859834
"332",0.3,8,700,1,0.943,0.999,0.742,-0.0212053390612436,-0.0084515191646314,0.0439010213696831,-0.0550768505095125,0.0107860579676197,0.0347630122180019,0.0240390365552834,0.0717287890653352
"333",0.3,8,900,1,0.97,1,0.828,-0.0170205388369485,0.0135687367488821,0.0253138808952925,-0.00286635028279361,0.00981399906355591,0.0326867852750352,0.0209049563555581,0.0651831995325294
"334",0.3,8,1100,1,0.993,1,0.886,0.016783507270108,0.00569518241386001,-0.0450547603304181,0.0451904306738269,0.00885942028268484,0.0289638364879628,0.0193859447511951,0.0603042903750824
"335",0.3,8,1300,1,0.998,1,0.935,-0.000214783391065419,-0.0183232541254057,0.00792971988598765,-0.0162635157508388,0.00799617027112611,0.0261365761571005,0.0169722398508645,0.0538889426401951
"336",0.3,8,1500,1,0.999,1,0.951,0.00380581070620049,-0.0129370863431764,0.0167546281504858,-0.0635715135721185,0.00740105593425498,0.0248685756840023,0.0165941191626426,0.0526445631796395
"337",0.3,10,100,1,0.337,0.878,0.228,0.0270590181105764,0.0728540000512474,-0.077832041700043,0.168011715017596,0.0202782946193001,0.0814577984094768,0.0364674637260446,0.14503564979778
"338",0.3,10,300,1,0.747,1,0.573,-0.0181349560365779,0.104804009574557,0.00228203385477059,0.0935817585395922,0.011972503743062,0.0461962408960395,0.0216096158093435,0.0793786568589513
"339",0.3,10,500,1,0.924,1,0.804,-0.0133160875607166,0.0637567966748834,0.0119895182669235,0.0331809250584467,0.00912973885961941,0.0365589849836227,0.0166318380045095,0.0655118233317664
"340",0.3,10,700,1,0.988,1,0.932,0.00571621865415323,-0.0364604896844483,-0.0150498196474766,0.0131503111182219,0.00754542903527578,0.0313068275680522,0.0138553185333961,0.0536411899682286
"341",0.3,10,900,1,0.997,1,0.968,0.000105939435273022,0.004037303053347,0.00307721595406647,-0.0304740946073797,0.00650417677467714,0.0271052905439866,0.012156576001848,0.0481504844431329
"342",0.3,10,1100,1,1,1,0.989,0.00471035460100503,0.0089726969590366,-0.0135495015780931,0.0199560767596802,0.00603159050783853,0.0245275624130893,0.0114339890653605,0.0420329336126456
"343",0.3,10,1300,1,1,1,0.996,-0.00246535002134847,0.00943642538732506,0.00163861309983618,0.0124804937192673,0.00558821906914305,0.0222424986349713,0.0100830703350834,0.0409362680368504
"344",0.3,10,1500,1,1,1,0.998,0.00646721770803856,-0.0130253274108112,-0.00027646335760594,-0.0494338558068278,0.00517410427452203,0.0207689093847343,0.00974648132662817,0.0376631163734753
"345",0.3,12,100,1,0.371,0.964,0.25,0.0315704347733736,-0.196561056254249,0.0225864399815125,-0.454138129316901,0.0154756454405587,0.074777332554406,0.0324571660060155,0.148729646835247
"346",0.3,12,300,1,0.784,1,0.548,-0.00750411109793001,0.0648059029500984,-0.035716794392626,0.227146402299414,0.00879271348894164,0.0438151897980196,0.0179374436014113,0.0878027999136091
"347",0.3,12,500,1,0.957,1,0.8,-0.0065604245626874,-0.0355003536496935,0.031006809154413,-0.111822758260277,0.00661889072427065,0.0350516556155748,0.0137973350449324,0.0669192587539761
"348",0.3,12,700,1,0.992,1,0.913,0.00557774195021589,-0.00661249536966833,0.00740361233912311,-0.0280730957942774,0.00584839709416053,0.0287944285964163,0.0115345452835055,0.054486764450326
"349",0.3,12,900,1,0.999,1,0.96,-0.00195901798253241,-0.0169379799727619,0.00231124489591363,-0.00694689627934778,0.00524128916662289,0.0262026808411782,0.01081308617332,0.0508876008292587
"350",0.3,12,1100,1,1,1,0.989,-0.00276226297038015,-0.0113912861518267,-0.00833128112772021,0.0525760438343069,0.00466134378414926,0.0228631367242085,0.00985163383758396,0.0462346804747445
"351",0.3,12,1300,1,1,1,0.997,0.00418075547541149,-0.0131239786393247,-0.000965332791304096,-0.0455253312300982,0.00415703275141925,0.0204112257400493,0.00899460274206585,0.041261308314857
"352",0.3,12,1500,1,1,1,0.999,-0.00292247601619031,-0.00486841799333388,0.00928404754569092,-0.0268070954733555,0.0040485380507754,0.0199982461513926,0.00809542188543269,0.0390487632459695
"353",0.3,14,100,1,0.433,1,0.265,-0.0387773396978662,0.0987538057031472,-0.00895713046629478,0.361963640803172,0.0122387851099551,0.0699277678177708,0.0233484584363766,0.126748296163377
"354",0.3,14,300,1,0.886,1,0.72,-0.00585031537540212,-0.0158351560916173,0.0220478096483813,-0.0692105396916794,0.00726747391011899,0.0403690659225823,0.0137301722259716,0.075797948374956
"355",0.3,14,500,1,0.981,1,0.905,-0.0047165077815489,0.0428035685057064,0.00398499740820931,0.039958689758194,0.00555986367248279,0.0314243700690152,0.0105358834858376,0.0567407412100354
"356",0.3,14,700,1,1,1,0.986,0.0102798164275261,-0.0575332702813785,4.45338829584214e-05,-0.0980209712700977,0.0046133309925925,0.0256003532302504,0.00862914121410637,0.0454982965154583
"357",0.3,14,900,1,1,1,0.998,-0.00255633073922436,0.0177043935740471,0.0159475484066076,-0.0676339171014278,0.00389109444281299,0.0216940050686629,0.00776184496078178,0.0400180798585747
"358",0.3,14,1100,1,1,1,1,0.00410059954969474,-0.0517180816875561,-0.00479780334467776,-0.0204541113776463,0.0037191614226876,0.0205961349618893,0.00688710434314596,0.0361783908084858
"359",0.3,14,1300,1,1,1,1,0.00297031743215409,-0.0181683010376131,0.00498772950658459,-0.0431256339193601,0.00355077257354675,0.0192549162264877,0.00672622159117333,0.0354992691822386
"360",0.3,14,1500,1,1,1,1,-0.00483391277223847,0.00779312647507413,0.00663875984117912,-0.00700987845403292,0.00313186976757856,0.0173615655761056,0.00565562498471012,0.0325757442621063
"361",0.3,16,100,1,0.456,0.999,0.29,-0.0033328166944499,0.0274280443935778,0.0100675812283507,-0.060143350724127,0.010202419002394,0.0666834152849661,0.0209231655447729,0.124987423397425
"362",0.3,16,300,1,0.898,1,0.691,-0.00614868948618293,0.0623044779694298,-8.6390095181728e-05,0.0875734628180709,0.00572482692799466,0.0375377237079925,0.0120928962224008,0.0737474248231291
"363",0.3,16,500,1,0.99,1,0.897,0.00151940742089304,0.00752926523207179,-0.00624673062149515,0.0138002146618924,0.00443255369463946,0.0301778638364357,0.00926750378772125,0.0571495659638454
"364",0.3,16,700,1,0.997,1,0.964,-0.00790008963954142,0.0640884166771789,0.00402536602744203,0.0602642697182169,0.00380359620016323,0.0249734412586846,0.00786161047288936,0.0496953234772023
"365",0.3,16,900,1,1,1,0.992,0.00595030113905682,-0.0332956527506874,-0.00574172502217839,-0.0251690492735046,0.00317882828982077,0.0214264663586085,0.00682233084681778,0.0420005631953882
"366",0.3,16,1100,1,1,1,0.997,-0.00210021521592955,-0.00658767045598603,0.00458373376092972,-0.0394015226876361,0.0030595549207616,0.0204306175656554,0.0061530802675102,0.0373244117330602
"367",0.3,16,1300,1,1,1,1,-0.00238907802348283,0.0324712134078563,-0.00183537280991923,0.0469847551671136,0.00279379447389222,0.0183525226081177,0.00559927758857549,0.0340196334650983
"368",0.3,16,1500,1,1,1,1,0.0053850331027055,-0.0287555506376097,-0.00768224884153132,0.00405828215622164,0.00265852274801953,0.0175246112290837,0.00550019571027405,0.0337839075685242
"369",0.3,18,100,1,0.525,1,0.325,-0.00673917292627398,0.0246598347454811,-0.0195646399424236,0.261454996104396,0.00836606769874697,0.0594735731519123,0.0156945215013047,0.109349203763544
"370",0.3,18,300,1,0.94,1,0.791,0.00303924330023283,0.0150485852381739,-0.0110217557068929,0.0176877641263831,0.00493648438353891,0.0370375265529572,0.0094702442103411,0.0668132189550912
"371",0.3,18,500,1,0.996,1,0.956,-0.000477477905432847,0.00404894635025333,0.00329022698153915,0.00835590615145475,0.00392402449566432,0.0279427648230301,0.00750760580247083,0.0511055625485939
"372",0.3,18,700,1,1,1,0.996,0.00504980435222154,-0.0136547545157759,-0.00430087135312237,-0.0459387486850537,0.00321410310091415,0.0237513429456812,0.00629523091548495,0.043463000399024
"373",0.3,18,900,1,1,1,1,-0.000926952849923531,0.00863418358044438,-0.00192517233180646,0.0100933264340081,0.00285948800940029,0.0201573409401228,0.00581784057490302,0.0374453761308582
"374",0.3,18,1100,1,1,1,1,0.000746457296928401,0.000774502985481206,-0.00324087098526521,0.0328499731621212,0.00254017249173114,0.0191969794878988,0.00490986914693487,0.0337793065612441
"375",0.3,18,1300,1,1,1,1,0.00120381242618512,-0.0112313981693513,-0.00229901831834533,0.00310076108353311,0.00226387380214401,0.0162754857569032,0.00460027243046747,0.0302730548310884
"376",0.3,18,1500,1,1,1,1,-0.00222675174586724,0.00848046743744353,0.000604275866630145,0.0158728498601947,0.00207753812323163,0.0155280181574495,0.00435043208677091,0.0288607033068326
"377",0.3,20,100,1,0.536,1,0.338,0.00551541582516944,0.105353145183898,-0.0372095836088624,0.240531343518778,0.00698750466214619,0.0578770986718962,0.0150629534133595,0.111622312289265
"378",0.3,20,300,1,0.945,1,0.814,1.47071592236632e-05,-0.0193471131844053,0.00771171364107802,-0.0794274160159144,0.00417748572938975,0.0347433912668591,0.00863131969904111,0.0654303048790197
"379",0.3,20,500,1,0.996,1,0.963,0.00324371765709143,0.0060617793190657,-0.00388133258938357,-0.0192756011529156,0.00300432663045011,0.0252061704462127,0.00660767161651754,0.0492928179805347
"380",0.3,20,700,1,1,1,0.989,-0.00522286793175027,0.061649037644266,0.00177367474980187,0.0607681198123135,0.00257818047090157,0.0222924863966112,0.00539398652449839,0.0424560387840983
"381",0.3,20,900,1,1,1,0.995,-0.00191788253986511,-0.00439779082840959,0.0059797371653229,-0.0176165519485685,0.00235694220168221,0.0202732674276955,0.00490410425923373,0.0382909185527567
"382",0.3,20,1100,1,1,1,1,0.00543934603404235,-0.0339939836778492,-0.00392341750936206,-0.0539393922674987,0.00215479975163645,0.0174609112110993,0.00475246032663466,0.0355208310330333
"383",0.3,20,1300,1,1,1,1,-6.0545905570045e-05,0.00693579969974674,-0.00166809623848207,0.0061668869763625,0.0019911832734042,0.0154824998553315,0.00406246517747616,0.0298125591642595
"384",0.3,20,1500,1,1,1,1,-0.00506540367879565,0.0296559340146108,0.0060431258620959,0.0195301057132965,0.00185041811484308,0.0154634085972227,0.00383078298317954,0.0297998352642305
