"","effect_sizes","N_t","N_pers","pre_slope","step","slope","bias_pre_slope","bias_step","bias_slope","Precision_pre_slope","Precision_step","Precision_slope"
"1",0.01,6,100,1,0.08,0.08,-0.210205093327373,0.637132033317422,1.07619311633149,0.0417905799790782,0.12178280352656,0.085698679122556
"2",0.01,6,300,1,0.12,0,0.334814245443592,-0.386222663823196,-0.245677792836229,0.0280946814486395,0.0716098870156373,0.0475681288445476
"3",0.01,6,500,1,0.12,0,0.227062018032178,-0.164668862743059,-0.250775247916452,0.0240348177603825,0.0647892525685655,0.0295774119181355
"4",0.01,6,700,1,0.08,0.04,-0.054754828065283,0.109009317181231,-0.0841120588658701,0.0156666712711839,0.036815481712734,0.032675254475698
"5",0.01,6,900,1,0.08,0.04,0.0426911119324577,-0.102690821893172,0.111745225403797,0.0140835513155338,0.0408757246268542,0.0262651211628793
"6",0.01,6,1100,1,0.12,0.12,0.144450452537889,-0.423534709636494,-0.273873176013463,0.0166631400648318,0.0370048376074296,0.0311476485519553
"7",0.01,6,1300,1,0.04,0,-0.219196049332364,-0.00510757116258573,0.0772032046624696,0.00779027008572029,0.0302734756534873,0.0178001375029682
"8",0.01,6,1500,1,0.04,0.04,-0.0147243463194767,0.128160103092252,0.203279649666306,0.0105496481751871,0.0294365303139224,0.0225836716590013
"9",0.01,8,100,1,0.04,0.08,-0.0653950120982058,0.306538684998419,-0.376232614870634,0.0229819248917447,0.130767014071288,0.105951252149442
"10",0.01,8,300,1,0.04,0.08,0.0349830617473617,-0.03454965776638,0.240284927917609,0.0180592573235448,0.0653174544320263,0.0584780756049232
"11",0.01,8,500,1,0.08,0,-0.0466256987610765,0.179896795294333,0.0404353930537501,0.0164034060078873,0.0547365017270464,0.0331716912937845
"12",0.01,8,700,1,0.04,0.08,0.0974247052887932,-0.639339154089817,-0.000352503625590641,0.0133334861373455,0.0354871277782761,0.0417436182036025
"13",0.01,8,900,1,0,0.04,-0.0434923082822408,0.515444573591367,-0.324775757459754,0.0100998826963172,0.0338969258995089,0.0292028383464015
"14",0.01,8,1100,1,0.04,0.12,0.0388594498375315,-0.326457057827425,0.217623284439143,0.00796175181644572,0.0331908409467599,0.037808194698721
"15",0.01,8,1300,1,0,0.12,-0.0337366622999176,0.234811368334874,-0.0399085945868928,0.008721875567026,0.0326269407758458,0.0336012993061285
"16",0.01,8,1500,1,0.12,0.08,0.0756386130388476,-0.574559603733474,0.121054003059469,0.00922498751702314,0.0313027307137412,0.0252640126670182
"17",0.01,10,100,1,0.08,0.04,0.0893770877185258,0.66744249299564,-0.451871142379056,0.0180927525314437,0.134370878201254,0.0847137805499871
"18",0.01,10,300,1,0,0.12,-0.178125489593517,-0.379612840393878,0.816023925009683,0.0114522585426039,0.0467385154438331,0.0552196374076144
"19",0.01,10,500,1,0.16,0.16,0.0311150341032071,-0.635752200026243,0.646880175931027,0.00869248017288245,0.0724609973763924,0.0616873994458654
"20",0.01,10,700,1,0,0,0.115744332760737,0.0246504658856312,-0.410183170900106,0.0073289901528048,0.0328083235682109,0.0314001955786008
"21",0.01,10,900,1,0.12,0.12,-0.0363576865807761,0.133592073875969,0.0373199646750042,0.0057377339928851,0.0473966567494931,0.0364254341839159
"22",0.01,10,1100,1,0.12,0.04,0.038071058855954,-0.057053998832697,-0.0798488120798183,0.00655035367266683,0.0486153803916688,0.0275427048200824
"23",0.01,10,1300,1,0.04,0.12,-0.036101065891152,-0.0743504866802435,0.148322903678025,0.00460755251984744,0.0307726912303806,0.0281693897142779
"24",0.01,10,1500,1,0.16,0.04,0.0367811567741577,0.00609504707399682,-0.134904471905841,0.00556970590011478,0.0353275512432199,0.0213512679080171
"25",0.01,12,100,1,0.04,0.08,-0.292019788939378,0.266758344873106,0.734339511238129,0.0182334523250109,0.0957427632411048,0.0409610313198599
"26",0.01,12,300,1,0.08,0.12,0.0162115633581473,0.123869952940042,-0.214169074259412,0.00878914099153921,0.0539206158431258,0.0286570757029909
"27",0.01,12,500,1,0.04,0.08,0.088660204058513,-0.18907164682363,-0.19713359666994,0.00634791313700888,0.0394749405248842,0.0225901008723487
"28",0.01,12,700,1,0.04,0,-0.0691477370918594,0.0202662453267885,0.142382304651042,0.00566933292626415,0.036310414057514,0.0138378741967042
"29",0.01,12,900,1,0,0.04,-0.0123893597597696,0.420780176095341,-0.0982861576571223,0.00508837257529965,0.0188665472354313,0.0148454790605086
"30",0.01,12,1100,1,0.04,0,-0.0154016359047706,-0.187946108545916,0.0486840493917583,0.00510699878458778,0.0251193080901582,0.0122916396712916
"31",0.01,12,1300,1,0,0,-0.0358045492347928,-0.155667031724105,0.154121412994023,0.00441542907910371,0.0208723871944845,0.0102668110240966
"32",0.01,12,1500,1,0.04,0.08,0.0626985850732216,-0.201995153148488,-0.0355225166482478,0.00380852509370457,0.020125596097034,0.0115896693351596
"33",0.01,14,100,1,0.04,0,0.0647426470488051,0.485257354558963,-0.105251595720437,0.0123279309268245,0.0853131031473559,0.0504377140867108
"34",0.01,14,300,1,0.08,0.08,-0.0841822432612841,-0.128233993780333,0.321431944315641,0.00471166128907752,0.0545392854804477,0.0323131214862959
"35",0.01,14,500,1,0.04,0.04,-0.0703703275320837,-0.182833302240453,0.348227845748086,0.00521675364222476,0.0413562317420356,0.022861572944367
"36",0.01,14,700,1,0.04,0.12,0.000879471690897162,0.0920263136992101,-0.0428576616384508,0.00504221597240215,0.0290181075454779,0.0180693146390865
"37",0.01,14,900,1,0.04,0.16,-0.0273172517310537,0.430892179353192,-0.188727683025635,0.00530132024442431,0.0280519294659856,0.0160168426544485
"38",0.01,14,1100,1,0,0.08,0.0224663921812025,-0.18177727334593,0.0681697473535403,0.00333917325021921,0.0299156971841016,0.0150555521901374
"39",0.01,14,1300,1,0.04,0.08,0.00390661313940399,0.270139512913398,-0.24431912451666,0.00329209072549165,0.0279543211697401,0.00987217491412573
"40",0.01,14,1500,1,0.04,0.08,-0.00169383729035587,0.0683486946024508,0.00718502814312494,0.00299411652299511,0.0211769976715248,0.0106951461527392
"41",0.01,16,100,1,0.04,0.08,0.130006316999846,-0.804035941735565,-0.0635406566780414,0.00800436899628137,0.0736488194068457,0.0286700916001634
"42",0.01,16,300,1,0.08,0.04,-0.0251214527788782,-0.22919751260674,0.143271625016992,0.00557128294928503,0.054550210861576,0.018173652381684
"43",0.01,16,500,1,0.08,0,-0.0673509671189019,0.178185561975794,0.0703346185743103,0.00307528153158599,0.0333110740941489,0.011293772979086
"44",0.01,16,700,1,0.04,0.08,0.0165070411209757,0.0443721107639937,-0.0647630740074328,0.00334664204960585,0.027474781202841,0.00915868152732837
"45",0.01,16,900,1,0.08,0.04,0.00705372292319311,0.00310446134455701,0.029813523086158,0.00311087289210996,0.0295824554550022,0.00980554003122684
"46",0.01,16,1100,1,0.08,0.08,0.0321422210905411,-0.232123941920279,0.000194811542134393,0.00198069627028407,0.0232650942146393,0.00960274481792653
"47",0.01,16,1300,1,0.08,0.16,0.0167860877869458,-0.147625577788088,-0.0243340580338834,0.00353572609778184,0.0235996564811995,0.0105917700981679
"48",0.01,16,1500,1,0.04,0.08,-0.0133906232634483,0.338349648157434,-0.0681239190682925,0.00230732295805658,0.0215659483465283,0.00716711436429222
"49",0.01,18,100,1,0.04,0,-0.0653824661991504,0.463870123162942,-0.0474410218993017,0.00737972535727671,0.0760792650652039,0.0241110091553664
"50",0.01,18,300,1,0,0,-0.0743170456821615,0.792945990889385,-0.114271686068037,0.00374618155189638,0.0399825891336361,0.0143938361751633
"51",0.01,18,500,1,0.16,0.08,0.0179927803016392,-0.0384265852689898,-0.00503915868612639,0.00326626719095854,0.0442335370617838,0.0149976170214519
"52",0.01,18,700,1,0,0.08,0.00123385505572656,0.105506074120748,0.0729126006015929,0.00338642724831204,0.030798345320582,0.0117862088668332
"53",0.01,18,900,1,0.04,0,-0.00762894395644963,-0.0775498528908454,0.0658361298538218,0.00270896182294402,0.0250736774286062,0.00854954104817469
"54",0.01,18,1100,1,0,0.04,0.00613139305048406,-0.0511686447843637,0.0159411543709147,0.00238392951604639,0.0205975506211239,0.0087801679124255
"55",0.01,18,1300,1,0.04,0.12,0.0120968524897859,-0.186912475094118,0.0486388939033933,0.00224513122001169,0.0233305744688599,0.0102012040165449
"56",0.01,18,1500,1,0.04,0.12,0.0167003089812145,-0.055504126337353,-0.0509291469531038,0.00226771153166255,0.0202176811253828,0.00761120294036093
"57",0.01,20,100,1,0.04,0.16,0.0744437756458048,0.167016550583304,-0.275838307922086,0.00726257596431027,0.0662355354646461,0.0246052059928387
"58",0.01,20,300,1,0.04,0.08,-0.00355955551723255,-0.17832200770747,0.0158272672226661,0.00322765337528407,0.0415334801068401,0.0140789016105842
"59",0.01,20,500,1,0.04,0,-0.00187853064660956,-0.00260744769581867,0.0758916974714422,0.00191896907035325,0.0300550090176926,0.00964447031996279
"60",0.01,20,700,1,0.16,0.12,-0.0168646632443054,0.103970165508565,0.0359525087381611,0.00275945414143029,0.0323870784278896,0.0109781831775893
"61",0.01,20,900,1,0,0.12,0.0291476489677677,-0.343663060756812,-0.0171313487886037,0.00230505998643626,0.0215379470968737,0.00744963011708018
"62",0.01,20,1100,1,0,0.04,-0.010346997790958,0.142818136364864,0.0116229571766937,0.00201569158000213,0.0193605527198175,0.00527361184689423
"63",0.01,20,1300,1,0.12,0.12,0.0171758831723479,-0.255187983915369,0.0246006722121259,0.00153118873747845,0.0232434192557227,0.00752451962549551
"64",0.01,20,1500,1,0.04,0.12,0.00943620966653555,-0.124615788507349,0.0141056848931052,0.00196960832546476,0.0171309181177264,0.00564777245690847
"65",0.025,6,100,1,0.12,0,0.423449542706175,-1.0422973790215,-0.930123947916464,0.0403087419207244,0.125776672205666,0.0705236575846701
"66",0.025,6,300,1,0.04,0.08,0.140486229244011,-0.320454353377628,-0.761211712304654,0.0214669315234011,0.0658861850650073,0.0518281604914543
"67",0.025,6,500,1,0.08,0,0.30409263204,-1.07446581247681,-0.0467773204890899,0.0173218583080991,0.0490436207784075,0.0359518071440636
"68",0.025,6,700,1,0.04,0.04,0.0393833182343988,-0.315556617103166,0.261507908720484,0.0195860228635386,0.0454406728124637,0.0329832951824379
"69",0.025,6,900,1,0.12,0.04,0.180223578338533,-0.954952160601454,-0.0714207277554092,0.0158863499999718,0.0363489610297638,0.0309534578060926
"70",0.025,6,1100,1,0.16,0,-0.0983898127271665,-0.310111683936418,-0.0458448167966074,0.0159897823247282,0.0426880051644056,0.0211692126138942
"71",0.025,6,1300,1,0.08,0,0.186028959223044,-0.52009360340682,-0.0178338291737576,0.0116695928010858,0.0284119369078046,0.0210163740458631
"72",0.025,6,1500,1,0.08,0.04,-0.00636309126689106,0.0282232095164257,0.0351929082675071,0.0104203869933342,0.028465488905614,0.0204985293535328
"73",0.025,8,100,1,0.12,0.04,0.248038199697897,0.0901452119344713,-0.669247832097349,0.0243563977284429,0.125745189039964,0.0959930610915304
"74",0.025,8,300,1,0.04,0,0.0182933211775708,0.968370878518991,-0.882767493819545,0.0172074108752622,0.065721512109861,0.0433995299601441
"75",0.025,8,500,1,0,0.04,-0.0619502291103093,0.834268936973255,-0.740587125480994,0.0120404377043094,0.0389093299332764,0.0329526447082359
"76",0.025,8,700,1,0.08,0.12,0.0106498079338321,0.325802597327214,-0.251147668032285,0.0112425152420151,0.0551870183015546,0.0374691339033237
"77",0.025,8,900,1,0.12,0.08,-0.0596290667136724,-0.133351561799434,0.274387338377526,0.0106869434486661,0.0521302059221501,0.0315515157516406
"78",0.025,8,1100,1,0.04,0.12,0.0241404898077792,-0.221222026514685,0.0768830385098606,0.00739527759474198,0.0313376189300939,0.0344952257547558
"79",0.025,8,1300,1,0.2,0.2,0.0720868089205869,-0.189825688853465,-0.0434536118326981,0.00964693131181042,0.0392639681854418,0.0293410234828106
"80",0.025,8,1500,1,0,0.04,0.0247653452604227,-0.203272224684567,0.118292638967078,0.0063466610917092,0.0222427831270224,0.0197029269027719
"81",0.025,10,100,1,0.08,0.04,0.193328959476808,-1.63588129457995,0.869545513988801,0.0222933644586339,0.135759068886311,0.0907272481550803
"82",0.025,10,300,1,0,0.16,0.00244956936687863,-0.34558250403201,0.185294899033879,0.00734724736231877,0.0617477865782221,0.0581917993136905
"83",0.025,10,500,1,0.04,0.04,0.0190582688103542,0.0176038295569777,-0.149465810260187,0.00790018253573761,0.0471403260635587,0.0403906243920645
"84",0.025,10,700,1,0.12,0.08,0.0281675271376862,0.34608695200085,-0.168009242639176,0.00879147486158421,0.0517137486052606,0.0360662216657336
"85",0.025,10,900,1,0,0.04,-0.0264136995770977,0.0863333928723037,0.148326897717856,0.00578717431632825,0.034501012318959,0.0299893753574652
"86",0.025,10,1100,1,0.04,0.04,-0.0981941323116582,0.179518875692749,0.188158633125328,0.00546803706243464,0.0317930384805572,0.0252390681449194
"87",0.025,10,1300,1,0.04,0.24,-0.0758221031435348,0.456588220404541,-0.24711267035552,0.00653772015222535,0.0335097092986817,0.0336011918448042
"88",0.025,10,1500,1,0.04,0,-0.0463932068931608,0.241104780233314,-0.103603315659057,0.00553659094526988,0.0304500589700292,0.0197314373026892
"89",0.025,12,100,1,0.08,0.04,0.031222961618299,0.27849686695567,-0.167209107165894,0.0197766896038136,0.110394548781576,0.0398001087833742
"90",0.025,12,300,1,0.04,0.12,0.102296448385849,-0.519904509834085,-0.0620203645232105,0.00535240331530166,0.0571526773354388,0.0316299175541997
"91",0.025,12,500,1,0.04,0.12,-0.0292723638116803,0.270080547740373,-0.0719266314927704,0.00825303782978548,0.0407978775709594,0.0220662698179725
"92",0.025,12,700,1,0,0.16,0.0687749631873315,-0.137285059794625,-0.231887199768741,0.00587737903930375,0.0318903663231097,0.0192875097892558
"93",0.025,12,900,1,0.08,0.08,0.0495341756366832,-0.324362243785801,-0.0273969958810462,0.00589511409497652,0.030402653624339,0.015649160243001
"94",0.025,12,1100,1,0.04,0.16,-0.028329962055403,0.085120042699152,-0.0297912422006522,0.00528494887691679,0.0312079697408517,0.0130562947126646
"95",0.025,12,1300,1,0.08,0.08,0.0312281147320364,-0.0633673313452887,-0.0184922560495665,0.00357553245878385,0.0276824674481285,0.011979698564466
"96",0.025,12,1500,1,0.04,0.12,-0.00723487205212393,-0.0652933861400201,0.0335147712806555,0.00437307890820962,0.0181484791849096,0.0103723425379106
"97",0.025,14,100,1,0,0.04,0.107986917614632,-0.27407417852747,-0.345983635963966,0.00995813706156312,0.053079710841217,0.0333499313535909
"98",0.025,14,300,1,0.04,0.12,-0.00389214886545588,-0.36450313134283,0.346006159431571,0.00611932781976368,0.0523737839314276,0.0285203246403884
"99",0.025,14,500,1,0.04,0.08,0.0139099196621767,-0.105269794828141,0.0118454171469766,0.00424498682654775,0.0424354471750052,0.0210401900884445
"100",0.025,14,700,1,0.04,0.08,0.000504930955805776,-0.274132790374883,0.190418395002963,0.00352208049600285,0.0289963003580546,0.0184893565952808
"101",0.025,14,900,1,0.08,0,0.0356956916854905,-0.36419595493683,0.145392848239502,0.00322877941743973,0.0295698054095538,0.0120776613581059
"102",0.025,14,1100,1,0.12,0.04,0.00462813655143222,-0.279049628050071,0.195201284834262,0.00353788841802616,0.0261076555820091,0.0126102542590202
"103",0.025,14,1300,1,0.08,0.04,-0.0250832195411061,-0.0824874692454382,0.0972266566960276,0.0032851419762758,0.0270273386031194,0.0112544165027371
"104",0.025,14,1500,1,0.04,0.16,-0.0175975029094711,0.0133213852849146,0.0250257438363789,0.00413072635497759,0.0250193805933441,0.0108588318605902
"105",0.025,16,100,1,0.04,0.08,-0.0672368636107822,0.232320463930211,0.110703025594587,0.00943799434842771,0.0749836420493319,0.0277776266469218
"106",0.025,16,300,1,0.04,0.08,0.0310456274415961,-0.233638937938328,0.0684306285641445,0.00483054632328303,0.043897294028225,0.0179000592320398
"107",0.025,16,500,1,0.04,0.12,-0.039277315939169,0.094495677741036,0.101116825293691,0.00411892192541632,0.0386766029386806,0.0149513761939727
"108",0.025,16,700,1,0.2,0.2,0.0369498713908207,-0.138382392309807,-0.0424335291321645,0.00389034120957952,0.0427302523408817,0.0132913386764604
"109",0.025,16,900,1,0.08,0.12,0.029085245658287,-0.268968870229983,-0.0129506396278965,0.00298768249338332,0.0236984271257546,0.00951018432721577
"110",0.025,16,1100,1,0.04,0.32,0.00409073564365443,0.107433053662395,-0.026473767695155,0.00280116695499649,0.0222121084818556,0.0100112820372694
"111",0.025,16,1300,1,0.08,0.16,-0.021079062609621,-0.0854093904108381,0.0566989536817445,0.00306644435997242,0.0203392854351774,0.00754178481857937
"112",0.025,16,1500,1,0.04,0.4,-0.0306780916729619,0.532281018434579,-0.0824001922555882,0.00249572076213938,0.021782515804092,0.0073258365181298
"113",0.025,18,100,1,0,0.08,-0.0932685036781551,0.536259075585066,0.182418506261368,0.00806368136844409,0.0594837337019659,0.0295591329516054
"114",0.025,18,300,1,0,0.08,-0.01078982316856,0.195699162749297,-0.0920680264099164,0.00546867224754629,0.0428702037746109,0.0184883993437899
"115",0.025,18,500,1,0,0,-0.0314757887660296,-0.062494667022142,0.138599740976175,0.00315350220313542,0.0277059554991701,0.0105644634879957
"116",0.025,18,700,1,0,0.12,0.00768103822123734,-0.0636682054570228,-0.0022312060367834,0.00333929019506212,0.0289603273759871,0.013151811098842
"117",0.025,18,900,1,0.04,0.32,0.0222634234829341,0.111111273502821,-0.154450929715878,0.00281244329665961,0.0258244449311862,0.011238520876874
"118",0.025,18,1100,1,0.04,0.04,0.0229987591739341,-0.299352936412248,0.0605473116094913,0.00305336037635251,0.0185116679362937,0.00625205567241308
"119",0.025,18,1300,1,0.04,0.2,-0.0133102205299244,0.282278522668705,-0.053102030361178,0.00245945902161819,0.0198224008209015,0.00697937284291283
"120",0.025,18,1500,1,0.12,0.32,0.0178111125842901,-0.12456441566429,-0.0550913022544322,0.00230278593585768,0.022757382603795,0.00861745916695491
"121",0.025,20,100,1,0,0.08,-0.0396592628653447,0.277737716801192,0.0454503436752512,0.0056988820045741,0.0612943310237043,0.0189537388437081
"122",0.025,20,300,1,0.2,0.16,-0.0159042169696454,-0.22366609754256,0.0346841209314304,0.00376526075346613,0.053038102021514,0.0141693666080513
"123",0.025,20,500,1,0.04,0.2,-0.0260418770153363,0.350717300926725,-0.0496540664887668,0.00289218086717196,0.0313800875732654,0.00908272160916642
"124",0.025,20,700,1,0.04,0.32,0.0472961782846154,-0.00131596154207485,-0.0612113946376439,0.00217808593022016,0.0242032293737872,0.00739407031148078
"125",0.025,20,900,1,0.04,0.36,0.0021345099441335,-0.11711893323727,0.0190410304896123,0.00250466054899849,0.0275250812818888,0.00843862747875537
"126",0.025,20,1100,1,0.2,0.4,0.0269669138259275,-0.229739388140834,0.0294076639357719,0.00199434947722853,0.0217592550094381,0.00671098619000376
"127",0.025,20,1300,1,0.04,0.44,-0.0123053964932708,0.0726196733433284,-0.0250551864791631,0.00193812280375463,0.0203653223122136,0.00452723742509175
"128",0.025,20,1500,1,0,0.44,-0.0401196783050291,0.14511666268315,0.0298674757227905,0.00182079596003691,0.0134087024115906,0.0062458558938959
"129",0.05,6,100,1,0.08,0,0.118054712744282,-0.39135675658861,-0.154328231233999,0.0529717513352902,0.134357710627022,0.0590654949792799
"130",0.05,6,300,1,0.08,0,-0.232270177514881,0.0160800574176214,0.354758956937415,0.0225410879076614,0.0674702633666177,0.0340568458624549
"131",0.05,6,500,1,0.2,0,0.201337561975969,-0.825933209010655,-0.152741496528333,0.0225807245020209,0.0602275750375417,0.032831353772734
"132",0.05,6,700,1,0.16,0.04,-0.130328751476981,-0.296313634606818,-0.160357140109695,0.0178268146988107,0.0519856700620612,0.0343427749241952
"133",0.05,6,900,1,0.12,0.04,0.0346022480242652,-0.46366310473008,0.0644798577696962,0.0128675520678965,0.0306643453852752,0.026903156355032
"134",0.05,6,1100,1,0.16,0.08,-0.0645415381333795,-0.445543245792997,-0.0952729501185431,0.0109470829191163,0.0353709908950543,0.0231763394791031
"135",0.05,6,1300,1,0.2,0.12,-0.0412901363804104,-0.417295956389868,-0.0757237357866228,0.0140952633953514,0.0310664907311578,0.0247810171920778
"136",0.05,6,1500,1,0.08,0,0.0410186466065369,-0.226100260438859,0.176204408409334,0.0095130570042216,0.0247714136185027,0.0182711783641947
"137",0.05,8,100,1,0.08,0.12,0.284103761175916,-0.539708371857441,0.143245740935996,0.0307393711659033,0.141022705915792,0.106024940586661
"138",0.05,8,300,1,0,0.12,0.155565745664141,-0.0212885762527853,-0.293421690419621,0.0178459830799403,0.0590250228807713,0.0628648332242236
"139",0.05,8,500,1,0.08,0.24,0.0626495082148356,-0.37543852205267,0.125673236354228,0.016120747062887,0.0598340705302042,0.0531620207123325
"140",0.05,8,700,1,0.04,0.08,0.0344360381524292,-0.00814550946495127,-0.0325759915591383,0.00822622405471067,0.0415048243461205,0.0330966359454075
"141",0.05,8,900,1,0.04,0,0.084634328072769,-0.0954930054822679,-0.0556165056092464,0.00706214840569056,0.023828966132869,0.0214907532148384
"142",0.05,8,1100,1,0.12,0.16,0.0573038543344178,-0.310768061067007,-0.00965013113605136,0.00530759082522338,0.0350730795164909,0.0361915948007212
"143",0.05,8,1300,1,0.28,0.24,0.00532866863119651,-0.37394594776646,0.282017762138793,0.00643882738746504,0.0341529715615573,0.0304986561908034
"144",0.05,8,1500,1,0.12,0.16,-0.0411104599509795,0.0386905356557647,0.163229507376364,0.00712030703624296,0.0333650696487167,0.0219572854361878
"145",0.05,10,100,1,0.04,0,0.0640964602592224,-1.13435315229289,0.426179606252467,0.0171844675093768,0.113303154356016,0.0688050970809101
"146",0.05,10,300,1,0.2,0.16,0.0289611088350282,0.439314746450424,-0.113855753768654,0.0108508073739268,0.080494121481401,0.0658776217493482
"147",0.05,10,500,1,0.08,0,0.123688984412435,-0.179844075200789,0.0744716216182524,0.0088738373767033,0.0453127776154463,0.0304925904355568
"148",0.05,10,700,1,0.08,0.08,-0.114857886227733,-0.159885003121978,0.677104136830544,0.00748486938954309,0.046310296026031,0.037906584749582
"149",0.05,10,900,1,0.12,0.16,0.0598104472149322,-0.101117275000432,-0.236159002390594,0.0064758352687065,0.0406844124363803,0.0331028683453475
"150",0.05,10,1100,1,0.12,0.16,0.0637569157790976,-0.0394883045672099,0.0127902160337529,0.00557016311509202,0.0325746647359307,0.0311169356810129
"151",0.05,10,1300,1,0.12,0.12,-0.0540638781290483,0.0603099952902423,0.199986642396174,0.00676491229140933,0.0368429993752785,0.027814134695669
"152",0.05,10,1500,1,0.12,0.12,0.117865448397359,-0.39044669892584,-0.0782230729044727,0.00479595904604748,0.0266817706142001,0.0201470425134177
"153",0.05,12,100,1,0.04,0.04,0.0178658177342497,-0.162528188287544,0.143472306152017,0.0121879129986265,0.0883727937447485,0.0436145145600594
"154",0.05,12,300,1,0.04,0.28,0.0250390781491399,0.394265095160483,-0.384026038773084,0.0101105958897078,0.0540516873931355,0.0268490392294604
"155",0.05,12,500,1,0,0.08,-0.076536365907972,0.695816070424009,-0.0431529789522726,0.00642912665334688,0.0381656646183403,0.0173309645257769
"156",0.05,12,700,1,0.04,0.32,-0.0338388536580932,0.607062016661999,-0.122659129686437,0.00477497666305044,0.0400450237322688,0.0207544075772437
"157",0.05,12,900,1,0,0.28,-0.0376795819940793,0.314710829132541,-0.0952149208350582,0.00463949873871448,0.0213448201904135,0.0117453791267344
"158",0.05,12,1100,1,0.08,0.2,-0.0165376726315212,-0.0132955007929654,0.0517344097769789,0.00456338984620885,0.0271750439682235,0.0117792204945079
"159",0.05,12,1300,1,0.04,0.32,-0.0415273704425542,0.29552010105582,0.00922190217006163,0.00408416073038119,0.0233353344911242,0.0173039096328828
"160",0.05,12,1500,1,0.2,0.44,0.0330798349082944,-0.212078893925836,-0.0294307692232534,0.00379766176395539,0.0235137705865136,0.0131594867714258
"161",0.05,14,100,1,0,0.04,-0.0523189493793691,0.485594117489934,0.125265891576092,0.012947065658428,0.0690025343600739,0.0422507588196408
"162",0.05,14,300,1,0,0.08,0.0217899998612307,0.367066610366318,-0.269827597950759,0.00764288298497759,0.032890425514581,0.023374317899099
"163",0.05,14,500,1,0.12,0.04,0.0809094967705417,-0.671984361772617,0.202115710255797,0.00515559685600072,0.0366854276633138,0.0160579616203375
"164",0.05,14,700,1,0.08,0.24,-0.00561067856013509,0.0442093588748859,-0.127845467429377,0.00584101884046674,0.0352598276809885,0.0200677674659601
"165",0.05,14,900,1,0.08,0.24,0.0188440238213501,0.00313229190894379,0.0354389287206476,0.00403763928658901,0.025647726039168,0.0144233246554647
"166",0.05,14,1100,1,0.08,0.44,0.00857669011012476,0.134222686748279,-0.0241489586750643,0.00344406689492141,0.0292603107399692,0.0130579377389497
"167",0.05,14,1300,1,0.04,0.36,0.00592164841630961,0.153997929881178,-0.0255077575661205,0.00270126023104284,0.0290109105163923,0.0113776140305527
"168",0.05,14,1500,1,0.32,0.52,0.00668107953235818,-0.112865663785947,-0.0327606356452979,0.00290998242867568,0.0262577495232473,0.0123908628567331
"169",0.05,16,100,1,0.04,0.04,0.0377396493769449,0.299160441449252,-0.0828293017200459,0.0124047781239405,0.0874311108000414,0.0234809034544253
"170",0.05,16,300,1,0.08,0.12,-0.00050195652703394,-0.0944374293295185,-0.00852832172099851,0.0041251882780066,0.0405841240901802,0.0119674318602625
"171",0.05,16,500,1,0.16,0.4,0.00695922389613614,0.100837072161139,0.0468179471409192,0.00354540788669577,0.0401233102019083,0.0178276624223252
"172",0.05,16,700,1,0,0.4,-0.0822624901686223,0.234584124719313,0.0538464259355439,0.00344753486998534,0.0266956584913434,0.0123506578220587
"173",0.05,16,900,1,0.08,0.52,-0.000515319000213026,0.127819721272017,-0.0451260223356106,0.00309799406102182,0.026169650227933,0.0116893016890501
"174",0.05,16,1100,1,0.12,0.6,-0.0482880246095543,0.341894626561168,0.0475756921807603,0.00294017026423146,0.0237326350516181,0.00773719281203993
"175",0.05,16,1300,1,0.24,0.76,0.0174400531273788,-0.0836467669641843,-0.0350289031953743,0.00296246394975334,0.0209588149414367,0.00770520901780261
"176",0.05,16,1500,1,0.08,0.76,0.00640858446537521,0.0338995996199729,0.00980431207582367,0.00213828499223589,0.0189452233602421,0.00657823641585704
"177",0.05,18,100,1,0.08,0.04,-0.0460597676535756,-0.275647610728653,0.215213047122441,0.00860081190377561,0.0910084067952081,0.0282542335744849
"178",0.05,18,300,1,0.08,0.12,-0.0267040225865408,-0.227917439248877,0.174972251670443,0.00430501894904666,0.0445921908342693,0.0179777026099311
"179",0.05,18,500,1,0.04,0.24,0.00589740040702694,-0.00202563375050014,0.0126533162416159,0.00465088320543685,0.0355331331258799,0.0116474886116035
"180",0.05,18,700,1,0.16,0.44,-0.00493468039081037,-0.0336399188476613,0.0443363765481738,0.00330857067269237,0.0326546835468111,0.0111167485236865
"181",0.05,18,900,1,0.2,0.56,0.00381586820330696,-0.166840224230642,0.11332408060433,0.00300926745657873,0.0272568757384061,0.00997716436438399
"182",0.05,18,1100,1,0.24,0.52,0.00306083220646755,-0.204403742317522,0.0894663681973492,0.00277082690629009,0.0240516401134316,0.011408976749644
"183",0.05,18,1300,1,0.32,0.8,0.0145345193934017,-0.0529786165299976,-0.0885609593990315,0.00215864837855998,0.0231914559985131,0.00957331934020978
"184",0.05,18,1500,1,0.08,0.88,0.0110013208460094,0.144590740275283,-0.107184160765954,0.00226671278055858,0.019220633144797,0.00782181551005222
"185",0.05,20,100,1,0,0.12,-0.0093915201104106,0.447915141543942,-0.0299852494056228,0.00500175439588846,0.0550112838598218,0.019328400723821
"186",0.05,20,300,1,0.08,0.36,0.0139186446113216,-0.222157445331218,-0.00954278166775444,0.00347726868557044,0.0427428371389496,0.00828126965476876
"187",0.05,20,500,1,0.04,0.64,0.0041397173443022,0.141424825546987,-0.0397369790164519,0.00331753393969323,0.0254095381745764,0.0101419406026424
"188",0.05,20,700,1,0.12,0.76,-0.0138489253858158,-0.350183034651578,0.079721753515909,0.00255388911192214,0.0246507191735805,0.00736745346250912
"189",0.05,20,900,1,0.08,0.72,-0.0272542577434066,0.132675384885568,0.0716464361616115,0.00227452936733694,0.0192284249155904,0.0066330119284984
"190",0.05,20,1100,1,0.16,0.96,-0.0112708257382327,-0.00760912664124202,0.0199071211659247,0.0020621197605008,0.0210043912994737,0.00592727437681197
"191",0.05,20,1300,1,0.24,0.96,0.00204106416308122,-0.131239615920859,-0.00315033934697617,0.00196876219386135,0.0181826241018638,0.00607376855534757
"192",0.05,20,1500,1,0.12,1,-0.00502996499690752,0.119486306250879,-0.00712946108049609,0.00218778466149766,0.0153466294001925,0.00474406644376341
"193",0.1,6,100,1,0.2,0.08,-0.0636250216207824,-1.08415613085686,-0.298135127796956,0.04117479412789,0.126853573357456,0.0872058282656059
"194",0.1,6,300,1,0.24,0.08,0.0947499977600235,-0.762632783878204,0.00928975862553877,0.0260293832076835,0.0716333109733534,0.0474231855654568
"195",0.1,6,500,1,0.4,0.2,0.316913396761109,-1.43974460384133,-0.465094947451211,0.0218876956800507,0.0605719001909895,0.0413166966698459
"196",0.1,6,700,1,0.28,0.2,0.0115275186903169,-0.619273201612193,0.025251676606179,0.015647637461691,0.0409937672021457,0.0325936369022427
"197",0.1,6,900,1,0.4,0.24,0.174420212010132,-0.947890973653081,-0.188756448906773,0.018949602664714,0.0488900451088308,0.0295892577116712
"198",0.1,6,1100,1,0.44,0.32,-0.0487061864609046,-0.533003406534817,0.025469319887221,0.0155463052289354,0.0440802069431694,0.0245801139824057
"199",0.1,6,1300,1,0.52,0.16,-0.156239315224085,-0.710856447276632,0.169832237715263,0.0114804115765431,0.0369514639056348,0.0251133478889934
"200",0.1,6,1500,1,0.6,0.2,0.0232625937678653,-0.991307070222509,0.105892721520335,0.0133584073154782,0.0347681339813562,0.0163242112308615
"201",0.1,8,100,1,0.08,0,-0.18982357627864,0.844092253013898,0.224159788656264,0.0267012312363149,0.134815353588532,0.0853587240544153
"202",0.1,8,300,1,0.16,0.16,0.101485297140886,-0.0911760619810039,-0.123716829165491,0.0186158704966456,0.0898100048191949,0.0567060423112795
"203",0.1,8,500,1,0.12,0.2,-0.0590906814666563,0.291611918359335,0.151063356386103,0.012472492830648,0.0572982991508727,0.0403047932434174
"204",0.1,8,700,1,0.16,0.24,0.115626193086135,-0.0321630003352714,-0.0725246561923203,0.00904187509808633,0.0441954839638211,0.0349129969120003
"205",0.1,8,900,1,0.16,0.16,-0.0557332028283436,0.020224627790171,0.117849457300742,0.0073622952486454,0.0308816714807927,0.0264474865599559
"206",0.1,8,1100,1,0.16,0.44,-0.0477837048798195,0.157822519694369,-0.106522698762074,0.00729091540701734,0.0381893914288191,0.0284246198247086
"207",0.1,8,1300,1,0.28,0.32,-0.0704253725939427,-0.0905465347618865,0.225486468713723,0.00551567376618343,0.0328614607824752,0.025107494887195
"208",0.1,8,1500,1,0.48,0.28,0.0982523588131438,-0.61399332300697,0.204572911682466,0.00786509307135404,0.0319109909616552,0.020371092713518
"209",0.1,10,100,1,0.08,0.08,0.0198227993125693,-1.02881676349801,1.15023506474609,0.0177830912035194,0.112142400949612,0.0815029572518026
"210",0.1,10,300,1,0.04,0.04,-0.209348629140647,0.292459836078945,0.491509719007009,0.0112802488463126,0.052247260857929,0.039300796169096
"211",0.1,10,500,1,0.12,0.16,-0.0113877272314225,0.484576108873908,-0.2348693010364,0.00951926320879647,0.0570422770503032,0.0406883381201574
"212",0.1,10,700,1,0.16,0.24,0.0464412695654255,0.340564367261343,-0.36984678402317,0.00783846056449502,0.050760772014953,0.0391761594164633
"213",0.1,10,900,1,0.12,0.24,0.102377017090693,0.147645904638538,-0.184381978588377,0.00706330782466514,0.0272741812525062,0.0258706016884824
"214",0.1,10,1100,1,0.32,0.4,0.0539247185436281,-0.126464450029096,-0.174685615653835,0.00838174008050706,0.0444015499970111,0.0356002787056924
"215",0.1,10,1300,1,0.16,0.52,-0.0538470821020121,0.570819657708011,-0.108262156105012,0.00561758799938934,0.0318930372684262,0.022082392386526
"216",0.1,10,1500,1,0.28,0.36,-0.00610829680392762,-0.105843980240327,0.0837728062841071,0.00492264921776287,0.0220438930465742,0.0156766694905429
"217",0.1,12,100,1,0.04,0.12,-0.084228712814794,-0.395073982875806,0.361815014467465,0.0131161224976043,0.0840637183049743,0.0506360884215737
"218",0.1,12,300,1,0.24,0.32,-0.070605121259851,-0.24926404485962,0.1368084981482,0.00760848265494619,0.056888941759334,0.0259409069469537
"219",0.1,12,500,1,0.2,0.44,-0.0735245575961022,0.0060189117019581,0.0427379356033193,0.00703052258017983,0.0408638339467365,0.0247363039635703
"220",0.1,12,700,1,0.28,0.68,0.00749998043462213,0.0164671804571988,-0.0478619762904875,0.00723132008343944,0.0352380572161572,0.0181223953296633
"221",0.1,12,900,1,0.2,0.8,-0.042515627870559,0.28083155692302,-0.0902356600235133,0.00589120382937967,0.0289450721700621,0.0180836097420144
"222",0.1,12,1100,1,0.08,0.88,-0.0407924758055457,0.72336141940269,-0.235638444872499,0.00474756668286037,0.0230693228100679,0.0151970192960173
"223",0.1,12,1300,1,0.44,0.96,0.00252522953855902,-0.0988870565378759,0.0394740253120992,0.00434702248122029,0.0205778873931154,0.0101734331789929
"224",0.1,12,1500,1,0.32,0.96,-0.0688126756510371,0.361460873608351,-0.0321264583804374,0.00395616311968629,0.0281934971062987,0.0118287200380596
"225",0.1,14,100,1,0.12,0.24,0.0409262922295262,-0.363260421116136,0.166905756565738,0.0126327874529527,0.109815596536304,0.054630645285299
"226",0.1,14,300,1,0.12,0.24,-0.0116878644798298,0.0481320432547341,0.0502943141472864,0.00508559721740579,0.0448657766571903,0.0244157394051114
"227",0.1,14,500,1,0.16,0.6,-0.00779576378521654,0.25834714351769,-0.166871972686538,0.00464812064865882,0.0320287001963195,0.0188815757293471
"228",0.1,14,700,1,0.32,0.64,0.0291825313936067,-0.294936497500995,0.0175092865212494,0.0051296417064873,0.0393032296917408,0.0173007472764689
"229",0.1,14,900,1,0.28,0.68,-0.029053628789934,-0.0509811334720404,0.118193236102146,0.00370868524658709,0.0319619613275771,0.0134571033699855
"230",0.1,14,1100,1,0.28,0.88,-0.0115102052833916,0.36625957399274,-0.127604134658682,0.00443822436908893,0.0259642183128177,0.0136588326604195
"231",0.1,14,1300,1,0.28,0.92,-0.028903494929136,0.232067008470328,-0.0363938128524925,0.00327869980356706,0.0298132231349495,0.0140413136320993
"232",0.1,14,1500,1,0.48,0.96,0.0321717761788868,-0.0986385272919353,-0.084763032839897,0.00323016124853411,0.0235269541983953,0.0113034038452037
"233",0.1,16,100,1,0.08,0.36,0.076435801180271,-0.0733562842205823,-0.140193344187529,0.0102590832522942,0.0911167889730038,0.0292523215217587
"234",0.1,16,300,1,0.12,0.72,0.0193203428296279,-0.102301040709946,0.0170475527242221,0.00567099147091851,0.0420050148295927,0.0147038074923349
"235",0.1,16,500,1,0.28,0.84,0.00659233467839456,-0.424362385923903,0.128544972095694,0.0045061716647911,0.0343126551303235,0.0158827669659092
"236",0.1,16,700,1,0.16,0.92,0.016847347055801,0.0918936330764362,0.00622733286459766,0.00360907226494005,0.0248996500525663,0.0116020765878665
"237",0.1,16,900,1,0.36,1,-0.0264898901918785,-0.187911950548414,0.0628453297886402,0.00327171507585881,0.0228313148261994,0.00792616893601347
"238",0.1,16,1100,1,0.32,1,0.0158505598094887,0.269204098501943,-0.10458507655791,0.00282097307403269,0.0259418249509021,0.00816882235688109
"239",0.1,16,1300,1,0.48,1,0.0155467042643315,-0.171813544830691,0.0344974134185196,0.00243626537517252,0.0166919209285161,0.00930707311753215
"240",0.1,16,1500,1,0.52,1,-0.023104710881633,0.176013716778241,0.00835796446514391,0.00268354300332032,0.0261506338044387,0.00798770104792132
"241",0.1,18,100,1,0.04,0.32,0.0720080943978449,0.033165127674743,-0.407007019773557,0.00825552822821649,0.0745533419078127,0.0277571456401596
"242",0.1,18,300,1,0.16,0.68,-0.0619673218216172,-0.108618454390347,0.109449616916799,0.00521817232385601,0.0439000389623122,0.0206186362168124
"243",0.1,18,500,1,0.16,0.84,-0.0109516698438048,0.443986109962952,-0.0795613937134792,0.0036947805620143,0.0358749010800066,0.0158542325068281
"244",0.1,18,700,1,0.44,1,0.0455838462943255,-0.166890901027722,-0.0160902696117921,0.0026983872907974,0.0303656025379928,0.0122538042022391
"245",0.1,18,900,1,0.4,1,-0.0553942039962884,0.0884864339143872,0.0702922413887104,0.00323586725114458,0.0238453980074116,0.00896218054686831
"246",0.1,18,1100,1,0.48,1,-0.000622580813519988,-0.0766658440406583,0.00365486115953248,0.00265812171381606,0.0315936203765128,0.0100304332894624
"247",0.1,18,1300,1,0.56,0.96,-0.00314941495741351,-0.206655066932668,0.093704399402549,0.00295251440104761,0.0275241432479642,0.00951589243158315
"248",0.1,18,1500,1,0.6,1,-0.00642278835067145,0.0307774756132446,0.0335292133026496,0.00126592485280992,0.0209544633670833,0.00717622435527887
"249",0.1,20,100,1,0.08,0.24,-0.0427102787027219,-0.293295123364562,0.218314779573999,0.00676225173469898,0.07008082706689,0.0220358006499961
"250",0.1,20,300,1,0.16,0.92,0.0115942731202237,-0.119247220565324,-0.0103030868051892,0.00353452178412931,0.043524100007778,0.0139328556991765
"251",0.1,20,500,1,0.2,1,-0.00839999208770536,0.555052037714306,-0.0983488521081513,0.00312662282744389,0.0348629026050451,0.00928642979604005
"252",0.1,20,700,1,0.36,1,-0.00185744949625118,0.10242905453572,0.046763332490152,0.0029247582166787,0.0327515372165987,0.00761073716783425
"253",0.1,20,900,1,0.4,1,0.0150515126927958,-0.0108766741825298,-0.0475065824314962,0.00261637303123554,0.0283468806662494,0.00741485584350047
"254",0.1,20,1100,1,0.48,1,0.00645355135987842,-0.0435619788117034,-0.0200602319604754,0.00234274778355335,0.0204648752836673,0.00677327053400857
"255",0.1,20,1300,1,0.68,1,0.011507473149025,-0.0897047324130347,-0.0512443975873171,0.00183444631049626,0.015061968202417,0.00540257868062118
"256",0.1,20,1500,1,0.56,1,-0.0186668816108663,0.235281078710466,-0.0283324603670581,0.0021085389377663,0.018818771204085,0.00434358877401078
"257",0.15,6,100,1,0.16,0,0.274351130425889,-2.03089975309483,0.302797967191984,0.0406087205906789,0.105511157146971,0.0468075017638536
"258",0.15,6,300,1,0.28,0.16,-0.0047259108452392,-1.28118478068224,-0.325072371883487,0.0274777769747166,0.0618519119384349,0.0384572013264044
"259",0.15,6,500,1,0.44,0.2,-0.0736584167259027,-1.0899190826618,0.371159228850663,0.0172228135379963,0.0491625473379534,0.0389588705478029
"260",0.15,6,700,1,0.8,0.4,0.0807649542731107,-1.38577732201499,-0.118506311213045,0.0174977842759034,0.0363851906535177,0.0298002385649061
"261",0.15,6,900,1,0.72,0.56,0.0343083923955903,-1.50000621970406,-0.184380920863415,0.0167472442765832,0.0448504509612064,0.0266623967586086
"262",0.15,6,1100,1,0.88,0.68,0.100046057479106,-1.37020342155929,-0.199385064744705,0.0147522906352842,0.0356697056572122,0.0237771988379603
"263",0.15,6,1300,1,0.84,0.72,0.0180891993480793,-1.23259413854782,-0.179818464549129,0.0154453362075151,0.0393085445647455,0.0277563066129607
"264",0.15,6,1500,1,0.92,0.92,0.117307809014103,-1.7901920319307,-0.181365534093814,0.0132194678319779,0.034545419728044,0.0204332819620779
"265",0.15,8,100,1,0.12,0.08,-0.430962495655154,1.30637440855911,0.03696701432971,0.022257293145203,0.126619802584083,0.0912185044745066
"266",0.15,8,300,1,0.32,0.08,0.107593602033517,-1.12968393353098,0.76957584446884,0.0171051156940181,0.0758865363549923,0.0503749412044172
"267",0.15,8,500,1,0.12,0.36,0.0353305578036233,0.0614807593075646,-0.173532902546567,0.0142488222307175,0.0593064966181865,0.0491537990644452
"268",0.15,8,700,1,0.24,0.28,-0.0453836350724642,-0.0562791840962456,0.165436948884075,0.0103834408559522,0.0502464929902436,0.0334177536569753
"269",0.15,8,900,1,0.2,0.64,-0.0606108525650003,0.391689027888673,-0.191361680936218,0.0105298054010044,0.0366615028078507,0.0340583198541134
"270",0.15,8,1100,1,0.52,0.48,-0.0924449914840019,-0.364661466813367,0.509423624990582,0.0100059106568002,0.0369432966738227,0.0309728201064187
"271",0.15,8,1300,1,0.36,0.64,-0.053669730809681,0.0986968772613988,0.0119844682793775,0.00784785134907791,0.0262265180570273,0.0276893891206969
"272",0.15,8,1500,1,0.6,0.72,-0.0204548780234767,-0.046511051006817,0.00651647431430747,0.00957557843384114,0.0369757861613397,0.0252183057473411
"273",0.15,10,100,1,0.08,0.12,-0.0448894373024587,-0.877559730574056,0.951112067428866,0.0190212433095696,0.117171640379825,0.101685195903822
"274",0.15,10,300,1,0.12,0.24,-0.000998675834877929,0.73915320893602,-0.333413080818004,0.0135597996132146,0.0707513921779156,0.0488755574666112
"275",0.15,10,500,1,0.28,0.36,-0.136785558526453,0.183126649115574,0.0596819039664933,0.00997652546256556,0.0516539770413776,0.0377223957056827
"276",0.15,10,700,1,0.28,0.44,-0.123842267503664,0.516296036745067,-0.0493532142042731,0.00674032898523885,0.0441110908672184,0.0297585411268762
"277",0.15,10,900,1,0.4,0.56,0.0239737596783672,-0.0869036944618357,-0.0237651449401084,0.0082176545845426,0.0420582036891035,0.0342494715835324
"278",0.15,10,1100,1,0.52,0.56,0.0366414408952771,-0.301965434355748,0.119656450999259,0.00555343310849552,0.0310736110556779,0.0372263014605263
"279",0.15,10,1300,1,0.4,0.72,-0.0887954206616735,0.330069538904807,0.03610011135268,0.0061309702344454,0.0416208407039224,0.0278103284091428
"280",0.15,10,1500,1,0.6,0.72,0.0324774553672607,-0.169021547906719,0.162233355830227,0.00480066821734223,0.040307922342568,0.0225380428949946
"281",0.15,12,100,1,0.28,0.28,0.143465347799667,-1.37757146340446,0.135498634147864,0.0180687084368537,0.108543525995462,0.0413230308871977
"282",0.15,12,300,1,0.32,0.68,0.0931585425490421,-0.38624017035664,0.0233327252149237,0.00754456393370423,0.0558628075653627,0.0279295635850717
"283",0.15,12,500,1,0.36,0.84,0.0553476870016507,-0.375922605190386,0.0838315915566478,0.00572670246474557,0.0395982721777804,0.0209563641888121
"284",0.15,12,700,1,0.48,0.84,-0.0341914470414848,0.0567558640583711,0.0942068374769759,0.0047152507205144,0.0333674369602018,0.0203034401878009
"285",0.15,12,900,1,0.64,0.96,0.0586748418910373,-0.360824483790855,-0.0296390703614342,0.00675488594655712,0.0295933822046014,0.0176999983455418
"286",0.15,12,1100,1,0.48,0.96,-0.11126882078881,0.37774881106935,0.093548483802964,0.00451953570595336,0.0268424875287391,0.015329712723526
"287",0.15,12,1300,1,0.56,1,-0.00167800467803403,0.386283169060894,-0.194357286680134,0.00392599371455348,0.0281594530274635,0.0137218800186161
"288",0.15,12,1500,1,0.72,1,0.0317604929180288,-0.279085887931854,0.102161672557657,0.0036762023975806,0.0291437444018534,0.011861815757994
"289",0.15,14,100,1,0.16,0.28,-0.0657818116289734,0.543933660031595,-0.0499714753806709,0.0108551239704285,0.103739499481292,0.0456681918155971
"290",0.15,14,300,1,0.2,0.68,-0.00716145098706647,-0.337175310317828,0.157321284071032,0.00740094479868824,0.0444087091078165,0.0285291169125925
"291",0.15,14,500,1,0.28,0.88,-0.0573275001694672,0.407333989514349,0.0196992313623445,0.00621182254635767,0.0416242741198517,0.019513387366452
"292",0.15,14,700,1,0.56,1,-0.000824141451493574,-0.255935298779698,0.207185632628824,0.0030630760283818,0.0281266569018172,0.0157063711176908
"293",0.15,14,900,1,0.56,1,-0.00540290760642179,0.035033332298371,-0.0651219964026092,0.00494009579220315,0.038940818320607,0.0163492484095245
"294",0.15,14,1100,1,0.6,1,-0.033535971519495,0.264237466880808,-0.112906096019755,0.0034454542940761,0.0311402166534504,0.0142356011689297
"295",0.15,14,1300,1,0.72,0.96,-0.0392058822493418,-0.0265769387041557,0.179141447832489,0.00346264608349969,0.0229260865221664,0.0149300427502957
"296",0.15,14,1500,1,0.76,1,0.0191594889074739,0.0612151659933745,-0.0580701394828966,0.00346234255680427,0.0200724241874487,0.010976372620649
"297",0.15,16,100,1,0.12,0.6,-0.0525138834718324,0.126488784662531,0.0523955680805936,0.0102892993279258,0.088267508225642,0.0304553662019564
"298",0.15,16,300,1,0.32,0.96,0.130517848920723,-0.637791445332299,-0.0898679679633007,0.00593044979721964,0.0282181773156825,0.0167444442357056
"299",0.15,16,500,1,0.4,0.96,-0.00877917563893334,0.155800286410665,0.0158945220580976,0.00405881860586325,0.0372509895098021,0.0141129872142839
"300",0.15,16,700,1,0.52,1,0.0209730051812816,0.27085721439723,-0.158607926879925,0.00356702651584179,0.0318295367619814,0.011253536315627
"301",0.15,16,900,1,0.68,1,0.0395126818016,-0.284246618531216,0.0293660219093282,0.00343543792921894,0.0282029305519343,0.00901139998852253
"302",0.15,16,1100,1,0.76,1,0.00572886626369609,0.117682906718902,-0.0686366933795902,0.00308555989658275,0.0250047453928216,0.00900435913310916
"303",0.15,16,1300,1,0.76,1,-0.0012203071979846,0.210830420224847,-0.0909587679251814,0.00306477105716078,0.0211061154361956,0.0100098336780228
"304",0.15,16,1500,1,0.88,1,-0.000357364652399781,0.0858089563812271,-0.0165207791292464,0.00247081292006225,0.0189411113646656,0.00829093399792267
"305",0.15,18,100,1,0.12,0.56,0.0728051125698911,-0.579445255899228,-0.0913584681321603,0.0074694557243914,0.0743003302237202,0.0370126557959622
"306",0.15,18,300,1,0.32,0.96,-0.0418915004907237,0.271768379099791,-0.0178569660267666,0.00544597543059844,0.0524547123289207,0.0168641183476927
"307",0.15,18,500,1,0.48,1,-0.00352634027658709,0.148072044419933,-0.0478589485462536,0.00364992983006087,0.034554099852707,0.0131586186074099
"308",0.15,18,700,1,0.56,1,0.0139544713398679,-0.293091235461663,0.0678855817633737,0.00284617725770529,0.0302387980466097,0.0107358513557184
"309",0.15,18,900,1,0.64,1,-0.0125804904305993,0.386004815523882,-0.188799843269873,0.00272837103911637,0.0254509793460342,0.00925605366199035
"310",0.15,18,1100,1,0.68,1,0.0204498975936035,-0.0655784582978336,-0.0643363380496123,0.00225913559637733,0.0272994477191331,0.00833305302325652
"311",0.15,18,1300,1,0.92,1,-0.0210540003001964,-0.0848830692497488,0.000495375830408742,0.00220447650197198,0.0181801733648257,0.0087586745137603
"312",0.15,18,1500,1,1,1,0.0161788320526814,-0.353579611957237,0.0930263080661633,0.0021312184058005,0.0159564334788338,0.00842345319443136
"313",0.15,20,100,1,0.08,0.84,0.0177532461292822,0.623878450626777,-0.158380408390003,0.0082131125762156,0.0697061290988144,0.0243345263920106
"314",0.15,20,300,1,0.36,1,0.00658148725537188,-0.0307998679683065,0.0251195834551609,0.0036319177046121,0.0523181433521393,0.0144437486771508
"315",0.15,20,500,1,0.52,1,-0.00237214763371711,0.0295662056109663,0.0261611535053722,0.00339530931133194,0.0308861451411353,0.00775748538678545
"316",0.15,20,700,1,0.52,1,-0.00162041820367591,0.276260439233666,-0.130647891899322,0.00317223498588355,0.0307674132230504,0.00676282334844831
"317",0.15,20,900,1,0.52,1,-0.0202595420264571,0.345721611012056,-0.0486369370322013,0.0031827314690703,0.0297608993306403,0.00618609498521784
"318",0.15,20,1100,1,0.8,1,-0.00571885720375661,0.176667504113,-0.0379533953977949,0.00211067804997902,0.0182062195793177,0.00586155835264799
"319",0.15,20,1300,1,0.72,1,-0.00991349440058954,0.18682395702477,-0.0486045108287549,0.00216011160913606,0.0267638627010471,0.00509632323023313
"320",0.15,20,1500,1,0.96,1,-0.0162449411344446,0.0402213511769569,0.0474841752580674,0.00162634198715611,0.0167190296822072,0.00491059192947275
"321",0.3,6,100,1,0.32,0.2,-0.149940658408906,-1.510917958346,0.182306540428058,0.0437121219593864,0.108490382655568,0.0829973241914858
"322",0.3,6,300,1,0.8,0.72,-0.225455851263525,-1.80247546556867,0.328162275209774,0.0228639896349704,0.0608515918419419,0.0387683491309692
"323",0.3,6,500,1,0.96,0.88,-0.34365342406215,-1.84320907647064,0.468312543609146,0.0156733002368068,0.050391036749022,0.0299024854013331
"324",0.3,6,700,1,1,0.96,0.0293709878223738,-2.93119563465482,0.0673182332771552,0.0149006964955422,0.0433372651722736,0.0302873017159773
"325",0.3,6,900,1,1,1,0.068273222243895,-3.10211923296746,0.0160258590826257,0.018359238286357,0.0476928922098174,0.024609959880177
"326",0.3,6,1100,1,1,1,0.0461985139762015,-2.70442059648669,0.24810390422951,0.0145749516538101,0.0340522981139267,0.0258913297799198
"327",0.3,6,1300,1,1,1,-0.0776798589047552,-2.07064138396445,0.136766174958686,0.0129300006533094,0.0332997492409008,0.0245859998183049
"328",0.3,6,1500,1,1,1,0.0409683178375597,-2.72123084468104,-0.104200305163069,0.0110936285189196,0.0294297894838501,0.0158839792892228
"329",0.3,8,100,1,0.12,0.24,-0.290883898725276,-0.0215139118926766,0.43557412647304,0.0232552591321274,0.118641280567253,0.100520436008772
"330",0.3,8,300,1,0.48,0.88,0.153229747089073,0.2055258623502,-0.594548568936074,0.0151971706833518,0.0664318362474486,0.0525336414160501
"331",0.3,8,500,1,0.68,0.92,0.0526035362699611,-0.0766711863846615,-0.186023867252018,0.012130599638316,0.0582342600222878,0.044566764342442
"332",0.3,8,700,1,0.6,0.96,0.0437211169390523,0.562563183874052,-0.801388711720235,0.0132760298230765,0.0633518635436307,0.0376775686742359
"333",0.3,8,900,1,1,1,-0.0232557708672039,-0.119078513912698,0.037954180298189,0.00750488693480808,0.0269737242538533,0.0268769530271344
"334",0.3,8,1100,1,0.84,1,-0.0980698031248701,0.537363352546084,-0.186655830839276,0.0113810904570186,0.044202756107341,0.0296466741515691
"335",0.3,8,1300,1,0.96,1,-0.0865070272658303,-0.0575420518760984,0.336834466644714,0.00698902448657971,0.0354671194772732,0.0252134244343082
"336",0.3,8,1500,1,0.96,1,-0.0205767322371808,-0.201033485312159,0.302061986782741,0.00762536083828656,0.0388932904996664,0.0265370453552764
"337",0.3,10,100,1,0.2,0.36,-0.0813614311155835,-0.394931715675533,0.162563431579463,0.0203084277474968,0.115967201167264,0.0841359078845023
"338",0.3,10,300,1,0.6,0.72,-0.092420663548238,-0.0594145869925797,0.168202717223946,0.0118934326396066,0.0617645188710439,0.0508687099169632
"339",0.3,10,500,1,0.72,1,0.0872361717939778,0.378364243042331,-0.41466269310765,0.0109443337258914,0.0524977212964815,0.0363013164982946
"340",0.3,10,700,1,0.8,0.92,-0.0907909017371219,0.543569168207479,-0.144151037059011,0.00727435411197703,0.0407227084961449,0.0459886268444693
"341",0.3,10,900,1,0.96,0.96,-0.0392948204170892,-0.330867986458566,0.399017700141957,0.00536820266290559,0.0420484132604553,0.035214945245304
"342",0.3,10,1100,1,0.96,0.96,-0.0472928970009008,-0.445955947186441,0.384542818340887,0.00535875641239995,0.0345507896022486,0.030360739689133
"343",0.3,10,1300,1,1,1,-0.00474546939660002,-0.333049435221815,0.277140196125428,0.00643059646292061,0.0299302886323144,0.0217185194409042
"344",0.3,10,1500,1,0.92,1,-0.0179211463638846,-0.287472869331837,0.064391338762177,0.00499559333531745,0.0389909246907758,0.0286680806075494
"345",0.3,12,100,1,0.2,0.76,0.00356652036135685,-0.0499057448260728,0.105416657166951,0.0157212004308725,0.0687912906964728,0.0385970344986274
"346",0.3,12,300,1,0.64,1,-0.0937720143182187,0.632117065857211,-0.00133777657652526,0.00923939943762515,0.052197428655547,0.0281067486200161
"347",0.3,12,500,1,0.88,1,-0.0023775608842746,-0.575759823326598,0.354973765215835,0.00706437336953362,0.0446318330159398,0.0178619425662438
"348",0.3,12,700,1,0.92,1,-0.0382203351285391,0.356796756651466,0.061491242521945,0.00576695621163532,0.0354536627658144,0.0177890284064563
"349",0.3,12,900,1,0.96,1,-0.0200671208970704,0.355543715520692,-0.168986313355968,0.00558189994842546,0.035924939918216,0.0175837246542638
"350",0.3,12,1100,1,1,1,0.0236232707860697,-0.224627467817238,0.0489454887513463,0.00416708568997771,0.0233473698498057,0.012119310346249
"351",0.3,12,1300,1,1,1,-0.000617933071034855,-0.0225830432506448,-0.100072011739356,0.00551587961679174,0.0233475969838257,0.0135673097858844
"352",0.3,12,1500,1,1,1,-0.0630332324847605,-0.0180968422775834,0.157353279824637,0.004198329960926,0.0255040862808516,0.014768428422802
"353",0.3,14,100,1,0.28,0.76,0.0193033342907688,-0.421728125474338,-0.0685301591048535,0.0133835452652773,0.0881000203572975,0.0541133608249849
"354",0.3,14,300,1,0.8,1,0.00783925840940654,-0.860950212041818,0.42353619654903,0.00650268134013243,0.0616656858013396,0.028228955982129
"355",0.3,14,500,1,0.92,1,-0.0175652439490129,0.268361983468738,-0.0292848592985662,0.00435060317910598,0.031075447056991,0.0216727402627464
"356",0.3,14,700,1,0.96,1,0.0192512657589579,-0.30089611029962,0.205810469510344,0.00444910359588168,0.0442933692248444,0.0190597208177158
"357",0.3,14,900,1,0.96,1,-0.0373433387405534,0.173530233768542,0.0498474412150649,0.00427544445973438,0.0355043394870533,0.0162329876732508
"358",0.3,14,1100,1,1,1,-0.0306689169394477,0.0297372214522819,0.130344402490922,0.00381902326829521,0.0328798590732629,0.0157153665223606
"359",0.3,14,1300,1,1,1,-0.0385953906406847,-0.113817518653572,0.131176030729611,0.00305356025194826,0.0264128785862668,0.0161730906833245
"360",0.3,14,1500,1,1,1,0.00749101832322197,0.321150932508108,-0.170743929357807,0.00320500164958361,0.0281254784343533,0.0129736006711278
"361",0.3,16,100,1,0.28,1,-0.00977298827116464,0.14436491607395,-0.172225975740394,0.00940643195717617,0.074955006106021,0.02835851894176
"362",0.3,16,300,1,0.88,1,-0.000593718435973258,-0.178889705642798,0.0999488609889807,0.00646623398980889,0.043223235794629,0.0208836056257244
"363",0.3,16,500,1,1,1,0.0430131473421503,-0.0223286097876444,-0.115047153642599,0.0048798589514257,0.0313082105645524,0.0112070589307187
"364",0.3,16,700,1,1,1,0.0173551926281378,0.137372874697147,-0.135118764635289,0.00350876161480057,0.0244559528805627,0.0099179222321805
"365",0.3,16,900,1,1,1,0.00461977646362556,0.104229142779455,-0.0389155961757895,0.00365708606726632,0.0185096812335898,0.007819851485477
"366",0.3,16,1100,1,1,1,0.0185135035698964,-0.41685538675492,0.0722920071509186,0.00313692365928464,0.0266082984793508,0.0107458455905945
"367",0.3,16,1300,1,1,1,-0.0131703598774563,-0.131836602849992,0.0319847970911223,0.00281149810368325,0.0206551753125082,0.00825841176420665
"368",0.3,16,1500,1,1,1,-0.0188245508525823,0.294611895297918,-0.115761637394649,0.00280437026171284,0.0170905338243421,0.00643564192286245
"369",0.3,18,100,1,0.36,0.96,0.0637959782078685,-0.857392928066177,0.166266063422896,0.00775847928818672,0.0758401188409155,0.0346415663131346
"370",0.3,18,300,1,0.84,1,0.0469801873247079,-0.597319141135388,0.106662387680855,0.00378636045484589,0.0508838921938402,0.0216387932335537
"371",0.3,18,500,1,0.92,1,-0.0292172344658974,0.089276578761255,0.0486004007037124,0.00430521119336493,0.0349714531646631,0.0104341422181818
"372",0.3,18,700,1,0.96,1,-0.0252901424769235,0.103107728519695,-0.0210760579899182,0.00268013020859871,0.0328859521398465,0.0125569737304517
"373",0.3,18,900,1,1,1,-0.0231624248421564,0.0738378186084154,0.0228287583059532,0.00301233909514652,0.0209138712617904,0.013391884933943
"374",0.3,18,1100,1,1,1,-0.00501117178268444,0.298217277949297,0.00298868221947153,0.00221316679218428,0.0254023320798749,0.0107843580145297
"375",0.3,18,1300,1,1,1,-0.0150641158873491,-0.0277431695617748,0.0163834610498577,0.00182615882585302,0.0199440246615078,0.00825294626587837
"376",0.3,18,1500,1,1,1,-0.00585862514955409,0.155299039316722,-0.0241168716549115,0.002864220690255,0.0179777021478507,0.00961830379702646
"377",0.3,20,100,1,0.28,1,-0.0179192617209217,0.586322155382574,-0.137183476828881,0.00711701481478023,0.0727401250735692,0.0197256950327576
"378",0.3,20,300,1,0.8,1,-0.0199802053278505,0.173797875053303,-0.0770534687860602,0.00337356879666805,0.0428898639494519,0.011538746991143
"379",0.3,20,500,1,0.96,1,0.0384196984790175,-0.190347347517166,-0.0717930648828969,0.00300398056883738,0.03379670063907,0.0107563874750051
"380",0.3,20,700,1,1,1,0.0180810087385325,-0.392787013111293,0.0855403376983377,0.0034102464490607,0.0282987736757743,0.00792127369022158
"381",0.3,20,900,1,1,1,-0.0166683663718581,-0.28123016527402,0.130616590848603,0.0023237129139597,0.0242370599609022,0.00814321670271361
"382",0.3,20,1100,1,1,1,-0.0217948290277614,0.0257041874794352,0.060502130073986,0.0019563600790475,0.0183710165678668,0.00670231952306898
"383",0.3,20,1300,1,1,1,0.0147321778483013,-0.025095257113561,-0.0623673528329174,0.00163603271823814,0.0197378520605433,0.00745803690392729
"384",0.3,20,1500,1,1,1,0.0127660724959698,0.0856996494819441,-0.0620832392866593,0.00230844827454897,0.0214488295322547,0.00618394223152972
